index,comment_time,movie_id,human_label,content
0,2019-07-28 13:00:33,1294393,2,无聊的时候看看电影真好，跟着剧情喜怒哀乐，不错，有和我一样的吗？
1,2018-08-18 17:53:21,1763939,2,原作作为阿婆的经典三部曲之一，让这部电影也成为了经典
2,2013-03-18 21:54:23,6535907,2,開場之初已經註定影片壓抑的調調，所謂販賣給別人夢想，到頭來只是遺失自己的夢想，去高潮化的結尾尚待回味。影片幾乎是松隆子的獨角戲，演技狂飆，堅強、樂觀、隱忍、壓抑、痛苦、無助，所有的情緒都令人折服，從《四月物語》的青澀稚嫩走到如今的演技女皇，真是讓人想不愛她都難！
3,2018-08-10 13:47:27,6301361,1,Weisz当时居然四十了...
4,2010-03-04 08:54:33,1466114,2,经典
5,2018-01-07 10:36:46,1303285,2,本片很牛，无奈老版太好，只看一部的话老版足够.
6,2011-06-15 03:48:40,1297097,1,给其对创作的重要性
7,2014-01-15 14:30:38,1307548,0,无聊的伪纪录片
8,2019-01-30 13:21:57,1485395,1,为什么杀他
9,2010-11-14 20:30:33,1858678,0,刚开始还满怀期待，本以为年轻后会发生什么历险。结果后面完全不着调，神幻，宗教，巴拉巴拉，扯淡似的感情
10,2010-01-07 23:54:24,1308162,1,孙太个性耿直善良体贴，挨日子一般的艰难生活，也能满足于小小的幸福。这是有笑有泪的生活543.
11,2012-06-16 19:46:00,7015749,0,总之。。。真心。。。。不好看。。。
12,2016-04-13 23:55:07,3422233,1,.
13,2010-01-18 19:30:20,1307217,1,喜欢奶茶
14,2006-01-29 20:25:39,1433038,1,洩了氣的可樂是過了期的快樂
15,2015-07-06 22:27:28,22419013,2,个人觉得很好看啊~比较逗比的心灵鸡汤23333ed好听死了！！！！古铜色的宏爷简直帅炸≧∇≦好看~~~
16,2015-06-08 13:34:36,1293352,1,像Lauren Bacall那样优雅地挠痕…
17,2019-08-27 18:33:20,1469441,1,大眼睛方枪枪历险记~
18,2015-09-17 03:13:22,26310515,1,龙格尔真可伶，过气明星为了有口饭吃，什么破剧本烂班子都得接了。哎，可怜啊，本片最大的意义是，让我们认识到不断进步的重要性，逆水行舟，不进则退，时代面前，千万别落到他这一步啊
19,2018-07-03 12:30:52,27003912,1,"谁在偷拍我
全都是骗你的"
20,2017-01-31 22:58:37,1299227,2,三星半。人不能只想自己好就好了/有能力的人要多去帮助别人。自勉。故事看得我有些憋屈…主人公小朋友其实很可爱，但不是我喜爱的性格，有一丢丢嫌弃他太熊。电影里的小细节很能戳人，大鲸鱼、小扁蛇、金水和金水嫂、三代的亲情线都非常暖。特别喜欢教大鲸鱼走路的那一段，充满童稚的美。
21,2017-10-13 01:55:58,26832720,0,为什么要拍这么无聊的片子，说好的搞笑呢
22,2015-06-15 11:10:52,20254365,2,印度电影再一次让我大开眼界，尺度之宽！连宗教仇杀都可以在电影里这么不含蓄的表达，两千年以后，竟然还可以一方烧火车一方拿着砍刀枪支滥杀无辜。前半段像中国合伙人和三傻，三男主合开体育用品店板球俱乐部，伊尚性格嚣张不讨喜但第一男主居然死了。漏洞不少但很好看，和三傻同作者
23,2015-01-16 22:01:56,25746414,2,一星给美术，剩下四星都给杨洋的脸。
24,2016-11-11 12:55:10,26331927,2,百合那妹子好可爱
25,2018-08-22 23:32:59,1296026,2,觉得是中国拍得很好的恐怖片 ，有剧情，有悬疑。看了这片从此非常好感李心洁
26,2012-08-12 04:57:27,2140558,0,要是少一些神神鬼鬼的东西，故事会更believable更吸引人。有些铺垫太过了，导演要舍得剪辑啊。
27,2012-07-25 14:05:43,2090561,1,三星半❤
28,2019-08-18 01:47:47,25713408,0,两星给高圆圆和谢霆锋的颜值......两个人的颜值都是我的菜，但是这个cp感实在是一点也看不出来，bug不少，这个结局也让我觉得emmmm
29,2012-01-15 17:17:22,1299889,1,痴情男女，旷世之恋，一别之后，四十未见，台湾重逢，旧情难圆。饮食男女，纠结之恋，逃离现实，旧情难忘，故地重游，仍不得解。——“偌大一个上海，我们却能相遇，小小一个台北，却硬是碰不到。”
30,2013-12-18 12:25:19,1299481,2,如果你们恰好路过查令十字街84号，请代我献上一吻 我亏欠它良多 查令十字街84号是我今年看过最爱的一本 翻来覆去看了好多遍 电影拍得也很好 完全没有破坏原著 Anthony Hopkins很有原著中弗兰克的形象 Anne Bancroft也很好的诠释了海莲汉芙 最后哭到不行 话说Judi Dench开始真没认出来 那时还是中年人啊
31,2019-08-04 20:52:49,26373154,1,谢谢你的坚持
32,2016-05-27 15:47:53,26438799,0,真的是一部抗日神剧
33,2019-07-08 07:54:41,1301895,2,邊看邊不停截屏。。美到窒息
34,2019-01-08 20:36:21,26334810,0,学生作品吗？也不至于这么没逻辑
35,2019-08-24 00:00:59,24843198,0,。。。
36,2019-09-01 21:23:25,25773932,2,意犹未尽
37,2012-10-08 16:47:45,3418436,2,够变态，我喜欢
38,2017-03-27 16:45:39,21336887,1,明显寄养家庭也是虐死了自己的大女儿，还是女主禽兽父亲主治帮忙隐藏了，只能说三个家庭大人都死的活该。偏文艺风，父母的暴行令人发指。
39,2013-01-16 21:09:42,1308040,0,超级蒙太奇！完全看不懂！
40,2017-09-16 10:05:30,10727042,0,画工一般，故事贼垃圾，我用脚趾头都能猜到结局
41,2016-08-04 02:37:45,26596158,0,听你们说是抄《恐怖游轮》我看啊看发现这片只不过是发生在游轮上的《电锯惊魂》而已，看到结尾才恍然大悟故事的结构是抄《心理游戏》，最后又来了个《幻影车神》，目测编剧也就这点观影量了。其实看到他们刚上船内骚娘们儿勾引展博的时候我就猜到了这是个针对他的局，毕竟除了AV，正常电影哪有这套路。
42,2018-07-12 11:37:44,26590030,1,救命！
43,2007-08-04 22:54:04,1300858,1,秀兰·邓波儿
44,2013-03-17 22:06:34,1767355,1,幼儿园时候看的第一个恐怖片，尼玛吓尿了！！
45,2010-03-08 09:27:07,3033092,1,千万不能自己养树啊
46,2010-12-29 19:48:27,4186098,1,深刻一点儿好，你不犯我，我不犯你。
47,2011-05-07 01:44:14,1293333,0,记住这个sb导演
48,2016-08-05 22:34:16,4063400,2,第三届台湾金马奖作品，浓浓的乡土气息，纯真的人情关系。抛开政治，这部片子和当年的大陆片没区别，台湾的文化和大陆本是同源
49,2012-11-04 17:32:22,2970163,2,如果“超人”真的是超人就好了！
50,2016-04-06 21:27:53,21248460,1,      一般般，无感，黄宗泽扮怪看着怪难受的，叶玉卿和冯淬帆倒是眼前一亮，板长投了多少钱？亏了。
51,2017-12-28 15:42:17,27602185,1,迟迟钟鼓初长夜，耿耿星河欲曙天。路星河活得太让人羡慕了，做事从来不计后果，跟从内心，真的是理想化男主。
52,2012-06-18 12:54:47,1298535,2,那个年代的商业成功片
53,2017-12-31 17:38:41,27608427,2,题材新颖，编剧立意很好，有创新有亮点，让人脑洞大开~
54,2019-03-15 16:38:04,1306531,2,不是彻头彻尾混蛋的混蛋，文人气的黑帮，好看
55,2010-02-14 10:43:59,1298656,1,谣传黑手党让法兰克得了个最佳男配角
56,2012-01-18 14:27:38,1937132,2,居然把昆汀搬出来了。该说这是一部不伦不类的日本杂交精良西部片品种呢，还是该说这是一部彻头彻尾的日式杂交西部片精良品种？总之，好看，精彩，故事给力，张力巨大，想象力丰富。美极了。三池崇史，从来就是两个字，牛逼！
57,2012-02-29 22:21:23,3562758,1,很久以前看的了，标准B级片，有一点儿创意，可是也只有那么一点儿
58,2009-08-28 17:59:59,1984741,2,很不错，尤其是图坦卡蒙的神力..
59,2017-02-06 07:49:23,1959780,2,"很棒！诡异悬疑错乱的气氛！有些地方也很好笑，关于那个junket甜点絮絮叨叨的梗，还有“he's a pervert""...""but he's working for BBC""现在听到笑死"
60,2015-08-07 19:42:48,21661846,1,太抽象了
61,2019-09-01 00:59:39,30198694,2,23333333333333333
62,2011-09-16 07:38:40,2070448,2,儿时在电影院看的，吓得一夜几乎未眠，现在还记得梦魇时的梦境，对于那时，绝对是成功作品。
63,2019-07-23 21:37:14,1455442,1,纯剪辑而已
64,2008-03-12 23:06:45,1427317,1,"现代人感情的脆弱,不是上帝抛弃了我们,而是我们背叛了上帝."
65,2010-08-09 11:38:06,2988506,1,事情朝着不可知论发展…@Portland to Eugene的火车上
66,2016-02-12 19:34:29,1295841,1,冬季青春映画定番！
67,2015-10-27 14:35:29,1297804,2,beautiful
68,2019-02-02 01:35:09,24843623,2,为了李玹雨来的，演技都是没得说，而且是真实事件改编的，看完很感动，不是我们生在和平的年代，而是有人在为我们守护，非常感谢祖国的军人们
69,2009-03-31 19:53:21,1300840,1,"让我想起于佩尔的《母亲，爱情的限度》，不过后者更让人不适，而本片却多了些不食人间烟火的美感。
一点也不喜欢这个译名，还是直译为《月神》比较好，因为月亮是阴性的，可以意指母亲吧。"
70,2010-05-20 23:20:56,1298717,1,冷战电影没几部不可笑的
71,2015-03-13 14:35:32,25700831,0,能不能先把故事讲顺溜了，再谈什么意境啊哲理啊？
72,2019-08-03 05:55:20,1298200,1,她自何处来，还回何处去。
73,2013-03-26 22:55:50,2062919,2,音乐好听，台词很棒，市井而不矫情
74,2019-08-09 16:54:23,1796752,1,神剧。。。小时候直接看蒙了。。。
75,2019-04-24 21:43:32,26944076,2,"是爱了
能有一个不顾一切跟你在一起
能有能力有毅力跟你结婚的人
好幸福
泡芙小姐，真勇敢。"
76,2017-12-15 21:31:25,20644923,1,啊泥里那段。
77,2016-09-03 17:24:16,25766672,1,有钱就是任性吼（主演是伍迪艾伦《好莱坞大结局》那个小翻译啊~）
78,2009-07-19 00:28:14,1296786,1,2009.07.18
79,2017-09-01 15:15:36,27059907,1,逆潮流！?
80,2013-03-20 01:02:30,1388219,1,张柏芝的扮相还成
81,2013-07-01 04:42:00,4139833,2,arashi全盛时期的颜 =口=
82,2013-07-08 18:21:52,4301181,0,还真的很失望，虽然前作不咋地，越搞越差。感觉是前传好吧。1里面已经有反纳米武器了，越打越回去了。
83,2016-02-19 21:23:51,3067770,1,除了胡慧中李赛凤好看这点真没什么好看的。
84,2017-01-21 14:50:56,1940179,2,众生相，与german expressionism相逆的realistic style，有趣
85,2019-02-07 19:28:43,3182495,0,小时候都知道不好看。
86,2016-06-04 13:32:39,26445861,0,蠢的我都无以言表了，这片名上映为什么会有人看呢
87,2018-04-27 17:06:21,26628447,1,看了海报，我靠！卡特琳娜？寒冰？安妮的提伯斯？？？LOL出大电影了？？？哈哈哈哈哈哈哈哈死不瞑目啊……
88,2018-10-16 16:25:10,26577328,2,能让人安然入眠的恐怖片，最厉害的是我睡了一觉起来，剧情还能接上！
89,2013-09-09 13:50:06,10438934,2,背景音乐挺好
90,2019-08-29 21:49:04,1309045,1,这集弱智比较多
91,2013-11-06 21:52:06,2295815,2,各种感动
92,2017-12-18 18:40:25,27168860,1,感谢闺密多年来的不杀之恩
93,2019-06-05 09:31:19,1304406,2,如何展现盲童眼中的世界，导演不只是频繁地使用手的特写以暗示穆罕默德通过触觉感受世界，还刻意突出各种各样的音响，极为高明。清晨，穆罕默德被鸟鸣唤醒，循着声音，镜头切换为空寂的山林，再次切换为弥留之际的奶奶，颇有一种天涯共此时的诗意。
94,2019-07-17 21:24:27,1892134,1,这个脑洞
95,2019-09-01 21:48:37,1306664,1,伟大的朝韩友谊，谁先开枪重要吗？
96,2014-10-03 00:11:32,25904431,0,无甚亮点
97,2019-09-03 11:36:13,1291838,0,我还是更喜欢吉娜
98,2019-05-01 22:24:25,26596361,1,流浪儿
99,2012-03-08 12:18:24,1307970,2,辛酸哎~
100,2016-11-29 11:03:14,1300713,1,美女警探的回旋踢。
101,2019-03-13 19:24:53,1300375,1,表情才是最直观的心理反射，爱一个不爱你的人，沉默也痛~
102,2017-06-06 22:41:36,5951244,1,漫画段子，电脑画得没羞没臊
103,2012-01-08 23:06:36,4090531,0,哎。。烂片
104,2010-05-17 14:48:43,2075337,0,不值得看！桥段差……演技一般……剧情很烂……
105,2014-05-28 17:47:15,2322753,1,不像电影。我开始相信，其实Juliet不漂亮，只不过是Romeo情人眼里出西施=。=
106,2007-11-01 21:20:31,1293449,1,通俗剧
107,2010-03-13 16:10:52,1438337,1,愿永世与共
108,2019-05-23 22:20:23,2364051,1,3.5 怪挺有意思 没啥剧情
109,2011-07-01 00:44:40,3065021,1,福柯曾根據這一事件寫過研究性報告，可惜無緣得見。這部影片像是一份洛麗塔似的自白書，細緻地呈現了事件發生的前後始末，并對於導致事件的原因做了展示，更多的側重於家庭內在的疏離和情感的隔閡，而沒有對更廣闊的社會因素加以分析。整部影片更多表現為一種社會學上的意義，家庭因素對於個體的影響。
110,2007-04-09 01:23:01,1908239,2,"反复响起的背景乐,10分."
111,2011-11-15 01:31:19,3288894,2,大赞一集，冲着加州8号废除同性恋婚姻法案通过，这集gay味道极重，Paul Rudd开始表现一般，后面渐入状态。JT乱入出彩，还拽着Seth唱了两句sexy back。digital shot的同志结婚其实做的蛮感人，去他的8号法案！
112,2018-07-05 20:12:54,1439735,1,在凡尘俗世中坚持自我 一个充满着浪漫主义色彩的电影
113,2017-12-28 12:54:07,25717159,2,不能更赞!
114,2013-11-21 19:01:46,1302362,2,“善良”山贼的邪恶发展史。从樱花开始，到樱花结束。静态镜头唯美如画，略显夸张的舞台表演风格体现出独特的时代氛围。珍爱生命，谨慎择偶。
115,2014-09-21 15:46:11,25870091,2,在百老汇看的全英无字幕版 居然看懂了 最近学的英文看来还是够用了 还要继续学习 怎么说呢 这部是我心中 除了《喜宴》之外 最好的一部同志影片 幽默 有趣 虽然没有惊人错落的情节 却流畅 自然 摄影也不错。
116,2010-03-25 23:27:09,1295527,2,除了开头有点摸不着头脑外，蛮不错的片子。俺就好这口儿。
117,2011-12-23 14:58:55,1305175,2,真诚的作品
118,2019-01-01 02:40:21,27155457,0,什么垃圾。
119,2012-02-17 15:43:03,10442345,2,冒险喜剧 戏中五只好可爱聪明的狗狗的冒险之旅
120,2012-04-23 12:59:58,6536267,0,冲着北爱的伍媚，看了本片。胡兵老了， 但演技还是一样的烂。小莫除了身材，一无是处。至于其它？ 没有其它。。。。。
121,2005-12-10 14:29:27,1310168,2,细腻的镜头 荒诞且戏剧化的情节穿插 歌特式的少年     还是那么不渗杂质的唯美
122,2010-08-07 19:45:36,1309194,2,这算是血腥惊悚的高峰了 
123,2018-03-19 23:18:00,1937116,2,不错 有节奏 
124,2008-12-07 14:23:14,1784747,0,介就是个拿李小龙骗钱的玩意儿。
125,2017-12-30 19:52:07,1297203,1,一个人如果没有正视过自己内心的疯癫与欲望，是无法理解祖拉斯基的。
126,2016-11-28 06:12:21,1415573,0,。。。。。。。作业 我也没有办法
127,2019-05-02 22:46:30,1292718,2,如诗如画，天人合一。摄影、音乐、台词、演员、大河、丛林、自然，非常治愈的nostalgia，这是作为人类与自然之间的隽永灵性。雷德福老爷子做导演也这么棒，完美。Eventually all things merge into one and a river runs through it....I am haunted by waters。皮特亮晶晶的眼神跟浑身散发的自然之子气息很厉害，一种身在尘世却超然出世的永恒。
128,2019-06-24 12:35:21,1295167,2,三兄妹在电影里的名字，都取的演员的本名，游荡在街头的即兴表演，如此被摄影机记录下来的画面与真实有多远？种族问题和身份认同带来的焦虑，流淌在Benny注视着雕塑的瞬间，在Lelia楼梯里预见Tony的那个眼神里，在Hugh被舞女包围的时刻里。生活记录了这个问题，但没有给他们解决这个问题的答案，但在下一次游荡，下一个可以依靠的肩膀和下一场演出之后，他们又为应对这个困窘做了多一点的准备。
129,2018-09-30 22:20:07,4864908,1,权力方为本尊，角色皆是影子。水墨格调的血腥是权谋的颜色，暗柔舞步的扭曲是权争的姿态，八卦阵图的阴阳是权势的符号。电影首尾呼应，自小艾窥视而起，由小艾窥视而终，窥探到的正是一部由人及影，自内到外循环不已的权力戏剧。
130,2019-09-01 17:10:11,1437109,1,所以说，为什么要闲着没事去洞穴里玩
131,2019-01-18 13:07:45,2975908,1,⭐⭐⭐⭐
132,2013-05-18 12:36:59,24381026,2,五星给我的同学李鸣惊希望大家多支持她。电影音乐我很喜欢而且挺有意义的在中央六上映了
133,2018-11-12 22:27:25,30311141,0,导演全家被鲨鱼吃了系列
134,2008-03-19 17:54:35,2357421,2,喜欢玄英
135,2010-05-08 17:14:45,3899297,1,···爱的魔障···
136,2019-03-20 14:39:59,2277409,2,昨日公园很好看
137,2018-07-30 21:23:18,26892272,1,哈哈哈
138,2016-04-09 22:06:14,26012321,0,经典影片翻拍有人称为情怀，然而情怀变了相说就是圈钱，如这电影。翻拍经典的有多少都扑街了然而为什么仍然趋之若鹫？车太贤是自砸招牌么，宋茜的演技不多说，还是国语配音版，excuse me？？女主您还是先磨练下自己演技吧至少也得看到进步啊。宋茜粉丝太可怕，敢情都不能说她演技不好了是吧？
139,2009-04-16 21:00:24,1296272,2,如果能再多一点气韵就好了. 麦当雄的犯罪片真是好
140,2017-08-01 15:37:17,24298371,0,没看上劲
141,2014-05-13 19:29:47,3804629,2,给力啊，带劲。
142,2010-03-13 14:39:32,1783462,0,"2010.3.13 FINISHED

This movie is a waste of my precious time."
143,2015-03-03 17:29:50,2378782,2,80年代的纯爱系~
144,2019-09-07 01:16:41,4830478,0,剧情比上一部还沙雕，女主角打架也没上一部厉害了。
145,2013-04-03 09:21:41,1388176,1,以为是黑帮片，没想到是这么压抑的伦理片，大清早起的……北野武终于如愿以偿了？
146,2011-02-27 15:08:52,3266693,2,亨德尔猫咪假想很有意思，第六条与第七条命太催泪了。
147,2012-04-09 21:15:35,1401245,2,很棒的片子！看過張婉婷的《秋天的童話》同樣非常喜歡
148,2012-05-31 17:17:17,6785085,1,各执一词。没有绝对的真相。不是角度的问题，而是每个人的出发点、利益的问题。
149,2019-08-31 14:38:30,4896894,1,朴赞郁走向国际的一步尝试。
150,2017-10-14 15:51:47,27090211,1,"—— 片尾一劑Placebo, 心顫.「We've all got both light and darkness inside of us. What matters is the part you choose to act on. That's who we really are.」「We are all human, aren't we? And every human life is worth the same, and worth saving.」"
151,2015-08-20 11:18:43,1299870,2,看过96版之后，发现86版在对人物的处理上要好很多，基本上没有96版人物全方面的讨厌劲儿——尤其鬼魂爵士要可爱多了，一个孤僻古怪的老爷子，并没有什么真正的害人心，只是出于悲伤孤独，渴望人间真情而已。故事有心，有些段落还很幽默。总结上是非常合格的全家福电影。
152,2019-01-19 22:58:24,25738580,1,如果你愿意，一切都能重新开始
153,2013-09-09 23:10:57,2330231,2,1988，aamir初出道时的作品，表现已经相当自然有张力。从该剧中新结识一位印度实力女演员juli chawla，纯真、果敢、善良、美丽、执着，表演自然纯朴，让人印象深刻。两人撑起整个电影剧情，颇能感人。
154,2017-08-12 23:39:47,21794463,2,四星全都给原声带..这音乐真的太好听了！
155,2019-06-25 20:22:57,1292784,2,用了一个下午来观看这部电影，就像一股涓涓细流流淌进你的心间，每一帧的画面都像是油画富丽多彩
156,2011-02-05 23:40:39,2368587,2,虽然男猪一出现就奠定了基调以及结局 但仍然还是笑料十足 虽然恶俗的成分不少 但的确让我笑了 而且女主居然赢得了09年 美国青少年观众票选大奖   这意味着米国青少年都喜欢这类型的么？震精！
157,2019-01-09 22:53:34,1294945,1,无论怎样，爱过一个如此绅士的人，值得。
158,2018-07-21 18:15:19,3914547,2,为小警长打call
159,2019-09-04 23:00:00,6887029,2,哇哦！那只猫不错 表情神同步
160,2010-09-25 04:00:18,3557399,2,安静，悠闲。又温暖。只是。在我饿的时候片中出现了吃饭的场次。。。太讨厌了。。。然后我吃完了。片子也完了。。。
161,2013-03-12 22:41:48,1418627,2,舞步美到难以置信。很多歌都言简意赅却直达人心。
162,2016-12-02 00:48:27,1295737,1,啊，这应该是我所看过的讲故事讲得最认真的B级片了吧……
163,2016-04-06 08:55:30,1295533,1,"come with me 
to the sea
of love
"
164,2015-04-07 09:53:37,25704327,2,actually it's a pretty goo movie.
165,2016-01-09 21:06:20,25872968,2,亲身经历……😌主题曲已经听的我欲罢不能了
166,2018-09-05 16:45:15,27109262,1,人类的正义需要AI来伸张，电脑房密室杀人…
167,2011-04-24 01:30:51,1307396,1,有时候看电影会知道其实自己很幸福
168,2007-05-15 14:00:40,1296360,2,2007年5月15日 很不错
169,2018-12-19 00:29:23,11534704,1,绿头苍蝇般存在
170,2013-12-01 10:56:59,22860945,1,诠释圣经
171,2010-04-28 18:48:06,1308577,1,好和风的不丹电影。。。。
172,2019-01-31 16:00:25,1295299,2,高中时期我们语文老师晚自习放映给我们！喜欢！
173,2008-06-14 19:12:53,1983128,1,闭门引发的人性冲突与回归，开门才恍然这其实是黑色幽默。
174,2012-06-22 16:30:39,1293422,2,梁家辉的演技真是令人叹服
175,2019-05-27 00:14:22,1293334,2,背景音乐点睛 类型片里的孤胆人物 不止是道德层面的堕落 而正是在主流之外的边缘主体身上 身份流动不居
176,2012-07-14 13:36:33,10439223,1,倔孩子。空瓶子，好心酸。
177,2013-03-24 11:11:03,1422932,0,"终于翻墙找到下载了,看完了！04年的片子拍得像90年代，烂画面，烂特效，脑残剧情，评分极低！就是这种片了！"
178,2019-08-26 13:24:49,25842340,0,拉出来又吞进去那一幕让我看的反胃恶心，呕
179,2014-11-21 00:36:51,24973419,0,狗逼
180,2013-02-23 23:36:48,4889554,0,冷嘲热讽了这么长时间，竟然也一集不落的看过甚至是恶搞篇，真讽刺。
181,2019-08-31 22:46:56,1307690,2,里面时装表演那一段太牛逼了，搁现在搞不好都会被一锅端了
182,2019-01-03 21:36:07,30388386,2,南天群星实在是太high了
183,2016-08-13 21:12:36,1307797,2,在大雨的午后看完这部电影，窗外的天渐渐暗下来。虽然表现上略有不足，但我能明白它想表达的。打算去补原著了。
184,2014-12-01 23:38:39,1293960,1,有故事的人才能听懂心里的歌
185,2019-02-17 17:40:10,1300217,1,"其实，我心里那个苍白冷峻的瘸腿少年一直是尊的模样。但我相信尊要是演叶开也会非常出色。
小宝你以为你带上胡子就能掩盖你的年轻貌美吗？
路小佳实在是……
最后，其实我想看狄龙的屁股。"
186,2018-09-08 19:51:54,3155961,2,每个人都演的这么好！ost更是超赞
187,2019-01-03 00:05:50,30173676,2,印度核试验的历史，加入谍战元素和家庭冲突，可看性很强，女特工很靚！
188,2011-02-01 19:41:13,3006416,0,不是很喜欢哎，虽然一开始看的很起劲，但是到中间部分就看大不下去了，后面是很努力的看完的。总觉得有点夸张~~不喜欢内小胡子
189,2019-07-15 09:46:18,30216460,0,2.5  主角是一堆成年人，然而不演成人故事，幼稚园级别的“认同与友谊”主题。第三幕崩坏。
190,2018-07-13 16:29:11,26982741,2,还可以
191,2015-09-03 18:19:55,2136180,1,+
192,2010-03-03 19:45:34,3007809,1,圣暴徒！
193,2016-07-11 15:29:31,1294511,1,老片子哈哈
194,2016-05-26 23:39:10,1420083,2,故事内容很感人 但是感觉大部分还是在述说当时那个时代的贫困家庭的孩子一直坚持着自己的理想、守望着自己的幸福的过程..
195,2013-02-19 13:28:12,20268745,1,竟然是印度的！！！雷死我了！！
196,2017-05-26 14:08:43,1300892,1,文明与荒蛮，本能与欲望
197,2017-06-22 22:39:24,1300050,2,仿佛一部歌剧，又似一出舞台剧。人物场景简单，剧情人性复杂，镜头语言丰富，经典！
198,2019-06-23 16:48:53,3024838,2,德普很适合演这种片子
199,2010-10-26 21:10:03,4300528,1,肉质鲜美
200,2009-08-16 13:58:39,1456774,2,轻松恢谐的国产剧，还是要支持国产的
201,2019-03-05 15:43:16,7051805,1,华金：老妹你这辈子走过的最长的路就是我给你下的套路。
202,2009-12-22 17:02:25,3999737,0,现在的导演怎么都把观众当猴耍呢。其实就算剧本再烂，最起码做导演的也要有个清晰的思路。至少把故事讲好一点。不过如花扮的郭敬明 好雷丫。
203,2019-06-07 17:37:44,33393269,2,《花儿与歌声》是一部以关爱留守儿童为主题的电影，电影内容真实的反应出了现代社会的一个突出现象，我们在快节奏的现代生活中，即要为生活而奔走，又要为留守在家的儿童和老人担心，拍摄这部电影的目的是让我们更多的人去关心帮助留守儿童，关心帮助留守老人，在党和国家的关怀与支持下，国家加大了对农村的优惠福利政策，我们广大的农村会发展得更好，我们的农村生活会越来越好，留守儿童，留守老人，会越来越少，👍👍👍👍👏👏👏👏
204,2015-08-03 01:20:01,21336887,2,群灭熊孩子的能力太赞了。
205,2018-01-22 20:48:51,26800978,0,叙事节奏太慢
206,2009-05-19 03:41:35,1419547,1,娱乐精神
207,2019-08-24 20:58:41,26744597,0,第一次给一星！特效是由韩国团队操刀的，总体还是不错的，而且有些特效场景的确挺美的。但是剧本和演技真的超级尴尬，本来抱着侥幸的心理看看，结果是真烂。。。
208,2016-08-17 04:07:51,26417956,1,用一个半小时在酝酿如何甩了一个自己不喜欢的人还得让他记得自己的好，同时又要说服自己这么做很正确良心上过得去。
209,2013-02-22 15:48:49,20378849,1,二黄二黄！！
210,2019-04-15 11:11:17,1301221,2,像一杯淡茶，前大半部分淡淡的没什么特别，尾声却余味悠然。比利怀尔德的片子喜欢结局反转，这个也是伪反转啊！
211,2019-03-04 22:00:59,10777781,0,脑残烂片，整部电影就是男主跑跑跑，警察追追追，反派追追追，儿子跟跟跟。不知什么原因，看着这个儿子就不爽。
212,2019-09-05 22:18:55,4202302,1,你好 再见
213,2014-10-02 21:58:27,11626996,2,看到北村就硬了...
214,2010-09-02 00:11:15,1781992,2,隐忍碰到乖戾 内心却都渴望真实的活着，这一点，是相通的，演员气质很贴合角色
215,2015-09-21 14:52:23,25778488,1,傻女侦探。新瓶装旧酒的小鸡电影。
216,2018-01-28 08:07:41,27624756,0,"和逐梦演艺圈的艺术价值有得一拼
这男主也太恶心了-_-|| 完完全全的个人英雄主义 没内容。。。。"
217,2018-05-04 23:33:06,26420932,2,畫面很大器！節奏劇情都不錯！編劇腦洞大開很有新意
218,2012-08-09 11:44:25,3988887,1,HILARY DUFF是全世界最做作傻逼的actress plus singer不打折我发誓
219,2010-10-12 23:45:18,1870681,0,比快乐的大脚差远了
220,2012-06-12 15:06:12,1307164,1,战争片扣一星。啊我的希斯啊啊啊啊啊啊啊啊啊啊~~~~~~~
221,2016-08-11 12:07:42,2064780,1,就有一个僵尸，还是个傻逼
222,2008-01-22 11:01:33,1481499,2,完美的画面，史诗一样的语言，坚强的心，忠诚的爱情，没有理由不喜欢的一部电影。
223,2006-05-10 17:49:09,1462631,1,"活在这世上,何苦活的那么累,不如好好享受"
224,2019-09-03 16:26:03,2149806,2,逝去并不是终结，而是超越，走向下一程。至亲的生离死别，每个人终将会经历，被留下的人是很痛苦的，不想死的话，就吃，吃的话，好吃的让人为难才行。直面死亡，是对在生最大的感悟，愿每个人在旅程的最后都被温柔对待，满怀敬畏，虔诚地永别。 
225,2018-07-18 10:17:25,26746946,2,这片比之前看的那部他拍的建筑电影好看多了，不论是谈论内容、拍摄编排都蛮有意思的……看来可以再看下他的其他片子试试？ 7.6分★★★★
226,2016-12-22 17:27:54,26879523,1,无聊还是可以瞅一瞅的 肉体还是不错的
227,2019-05-05 11:01:24,26822127,2,"本来想给3，看分偏低就给4吧，可能是我最喜欢的那类恐怖片，没有jump scare，表现的是复杂的召唤仪式，""在厨房画个圈就能召唤也未免太随便了""，顺便风光宜人，(剧透:)虽说结尾的大天使还是不出现实体比较好，但我还是蛮喜欢这个巨大化形象的！银白色的眼睛和整体的显形都很惊喜。另外除了结尾出现的恶魔略可笑，其他都很好。"
228,2018-06-28 13:46:00,3014430,1,这是08年的电影？！
229,2017-12-06 10:55:36,1917820,1,0
230,2018-09-22 23:20:00,26608448,1,"我该怎么说呢，我知道也许这个电影设定有不少bug,但还没有到让人破口大骂外加差评刷分的程度。事实上只要你不去深究电影还是可以的，并没有预想中的廉价、老套感，特别是影片的现实意义也不容小觑，为了这个我从来没有在网上发过露脸的自拍，前置摄像头也一直是贴起来的。PS：我无法理解为何有的人要说好评的人是SB，别人打的分关你屁事，不要把自己的意愿强加于人"
231,2011-02-26 09:24:18,3637237,2,".做自己是一道光，照得见希望，也被会灼伤。--Plus。里面的一句台词让我颇受触动大概是说“你就该独自一人，就像其他所有只关心自己的人一样。”_x000D_
轻喜剧"
232,2015-01-10 04:46:53,26257313,2,故事不够高明，但是小桥段戳我点~ 除了时不时在我脑内乱入的last Christmas I gave you my heart LOL……
233,2012-09-21 23:46:03,10441161,2,thumb!
234,2018-02-05 23:13:18,1293839,2,赫本太美了，醉酒那又很娇憨，很流行的爱情故事，但是就是抑制不住的动容
235,2019-07-29 00:48:07,2983391,2,两条线。老人早生死志，朋友暗中谋财害命。活着，死了。什么是死，什么是活——老人身旁的少女，安排一切的妈妈桑，老人自己。老人自己最后大概是幸福的。
236,2018-10-30 22:12:53,5209742,1,IDF2018 国美南山 国美礼堂。
237,2017-03-29 12:52:53,25911452,2,我会给五分 对于我来说特别好看! 每一句都讲到心坎里
238,2016-04-20 00:24:52,2141784,1,哈哈哈革命小将～戈达尔
239,2016-12-24 01:22:21,25855951,0,勉强两分。编和导都糟糕，一家四口三个聋子，主线女儿唱歌自我实现，副线聋爹竞选镇长，副线没什么意义，一群人听一个聋子演讲也是够扯。女主则十足文艺青年，唱歌需要别人一路哄着伺候着。剧本乱七八糟，一家人不舍得女儿去巴黎也能扯三四场戏，全片一堆这种废戏，因为压根就没什么主题，也不探索什么
240,2011-01-12 01:26:11,1292345,2,太美丽 怎么忍心少一颗星
241,2011-09-26 06:31:09,6006607,1,此剧就是靠熟女木村阿姨支撑起来了啊. 可惜前面两部稻森泉和泽口靖子主演的SP无缘一见了.
242,2016-12-03 17:11:33,26356584,1,我的青春里没有暗恋我的，更没有强奸。只有数不清的王后雄，翻不完的黄冈！！
243,2012-09-11 07:33:11,1307413,1,通过时光机器回到82年前拯救世界 里面的外星人好似E.T  结尾亮点 4星 合集00010
244,2015-11-23 22:48:39,3074506,2,不错，实实在在地叙事的一部电影。
245,2015-10-04 23:20:25,25955491,2,经典话剧，剧情方面真精彩，巧合比较多，谁让这是话剧呢，因此产生的感染力也是加倍而有力的
246,2012-08-31 21:01:41,5332272,1,莫名其妙地把片尾曲看完了
247,2016-03-03 21:20:06,25918682,0,哈哈哈哈，一看最近的评论，都是cctv6的受害者
248,2017-09-30 16:22:58,1302160,2,有些段子让我爆笑。很有时代感的配乐和对话。
249,2019-05-04 14:51:12,1293412,1,巴迪是条好狗那也不能让他上场比赛啊
250,2014-02-09 09:59:10,6284748,2,哈哈，这个电影可以看。
251,2018-09-05 02:53:20,25703403,1,已收录
252,2015-12-23 19:59:54,25881247,2,非常老套的故事，女主没写好故事有点散前半有点虚张声势。法律无法生存的混乱边境里被复仇吞噬的一群警察和罪人，无辜正义小女警被利用。镜头和配乐都很风格化。女主部分戏份节奏变慢，男主部分则混乱而快速，伏笔也埋得很犀利。够老套够带劲儿。deltoro真不是一般帅刻画了一个恶魔
253,2011-01-21 14:01:01,2129042,2,最后一刻太阳升起来的时候，此前一直压抑的情感被完全释放出来了。两位主人公并不是传统意义上的英雄，他们只是利用了前人所做的努力和一些机遇就看到了未来。我们离那天还有多远？
254,2018-08-10 18:20:30,30192385,0,首先，女主的声音毫无起伏，不管遇到任何事，不说演技，声音毫无生气。反正我看不懂这片子，特别是结尾，想要表达什么？？？
255,2013-01-30 15:05:11,1300932,2,女主角很~~~美~~~~故事讲得荡气回肠！好看。只是有一点儿搞笑的是这里头越南人和自己人说话就是用着流利的英语……和外国人一说就变成带着越南味儿的英语了…………别扭得很…………
256,2011-07-06 17:34:41,5273312,2,最爱Episode2：baker attack 。眯眯眼还是很二。就知道吃的家伙。像我吗？
257,2015-09-17 13:43:27,22994771,0,就内衣那段还能看
258,2010-04-26 02:42:51,4304344,1,Vaudeville artificiellement intello avec un Louis Garrel qui le rend irregardable...Ennuyeux à mort et décevant. 
259,2012-02-25 04:00:58,1828002,2,"槽点密密麻麻的我都瞎了，最后那只为男主量身定做的XXXXXL killer condom出现时我情不自禁的流下两行热泪。真是好带感啊虽然男性看这片会有深深的阴影吧....最后的“kiss me, cop""好感人其实这真的只是个纯爱故事啊～"
260,2017-04-26 11:50:58,1292965,2,处女长片拍成这样很厉害了。选角现在看来星光熠熠，Julianne Moore不必说，Marl Wahlberg将刺头青角色与自己合二为一，Hoffman的小gay角色相当动人，表演上稍微弱一点的可能是Heather Graham的滑轮女，美是美的，角色设置也让人过目不忘，但她演的毫无波澜，缺乏层次，这么她的发展后劲最差也说得过去
261,2018-03-30 11:17:00,2237848,2,很所细节都有交代。从结构上来说还是不错的。至于情节，不能太较真。
262,2014-12-29 16:41:46,2151923,1,有豆油说CCTV谁这么控萨，咋播了他这么多片片。。。。这是看脸的年代，提这种脑残问题。
263,2009-11-20 10:08:27,1300567,1,"everything that rises_x000D_
"
264,2014-05-02 15:05:29,1293733,1,失去另一半的兩半成為彼此的另一半，共同腐化卻不得善終
265,2015-10-22 13:29:39,26384363,0,一直快进，我都不忍心松手
266,2011-06-19 02:15:19,1301811,2,"电影看完了，眼泪没有流下来，静静地流水带走了那孤独的鞋，空空的字幕牵引出撩人的音乐，一段纯洁的友谊怎堪那轻浮的泪水去诉说，只轻声的问一句:""在天国可好？"""
267,2018-08-07 00:28:26,27026510,1,没太觉得和萨弗迪兄弟有多少联系…
268,2019-02-13 10:14:50,30359201,2,挺好看的，最后煽情的部分看哭了。。。导演融合了摩托车司机这个泰国特色，笑点足，感情线也顺畅。(冲着小雨来看的，生肉)
269,2011-09-26 15:40:16,6858722,1,老罗也是老男孩
270,2015-01-28 16:17:17,5152976,0,坑爹
271,2016-03-01 10:02:12,26656462,1,本以为是鬼片，没想到是一部抗日片，全国上下一盘棋，僵尸也得抗日啊！
272,2018-06-08 14:21:30,1932573,1,整个故事发生在一夜之间，所有的场景都是黑色的，恶搞到家了，里头的每一个人都是疯狂的，do姐很美~
273,2014-06-15 12:09:35,7003297,0,天啦 这个是什么烂片，整部电影没有两个是专业的演员，各种生硬，无聊透顶的剧情，无力吐槽了……
274,2019-08-28 11:47:03,10755367,1,"still life , still alive"
275,2013-02-13 10:17:52,6886462,1,好好好恐怖。。吓尿了。。
276,2019-01-09 21:26:22,24857827,0,關楚耀那一段 簡直太狗血了，這編劇腦洞夠大。香港電影沒落如此，想表達的東西不少，香港人自從回歸后，就缺少安全感，還有香港人對祖國大陸人的抵觸，這片主要是想說這個，無病呻吟的感覺，疲軟無力。又加了三段狗血之戀，拍的太差了。
277,2017-09-16 21:45:16,3143647,1,嘿—————诶！—————
278,2018-02-11 11:07:16,25832725,2,我觉得好的电影分两种，一种是手法上好，一种是思想上好。很明显，钟摆人生属于前者，很感人的故事……大约是七张纸巾那么感人吧……我真的很想说，绪形咲那怕是嫁给一头猪都活的比现在好吧……绪形咲最终还是没有穿上蕾丝婚纱。emmmm渴望了一辈子……妈耶，这个电影告诉我还是单身好……哈哈哈哈哈嗝
279,2014-02-25 11:02:36,1782224,2,记得当年很受震动，还特意去查了te amo这个词，且一直记到现在。
280,2010-08-12 22:49:17,3034445,1,梦想真是个好东西，可惜自己的不知道丢到哪里去了。女主光滑的肚皮和紧实的小蛮腰很美很舒服。扎克很养眼。伊丝玛汗的爱情很唏嘘。友情和师生情很温暖。故事很励志。“莫在倦时退场，力量来自渴望。”
281,2014-04-06 18:28:28,3607042,2,老福之所以这么受人喜欢是因为他本质上是一位有极强好奇心的玩童。
282,2014-01-14 20:00:29,10766178,0,我操你妈.....
283,2019-04-14 20:00:49,1294726,1,好莱坞惊悚片？不，是发生在好莱坞的惊悚片。
284,2013-01-14 13:07:49,6521877,1,就让它留在2011吧.....
285,2014-10-07 17:46:01,2065132,1,it's turn me on.我一直以為她是賣弄性感的艷麗花蝴蝶，23歲的Mariah Carey竟然這麼清純可人。
286,2013-07-11 17:15:32,10572779,1,囧叔还是走喜剧路线吧...
287,2017-06-10 20:32:49,26661823,1,"要是没有弹幕我都看不下去了。。。
僵尸打扮的很喜感"
288,2012-09-26 20:38:06,6712916,0,NB的字幕组把这电影编程一坨狗屎
289,2017-01-07 21:01:09,26928378,2,一部好的电影给人的思考，才是电影的价值所在。而这部电影对于大学生来说，最大的意义就在于激励。
290,2017-12-21 02:23:09,6310114,0,神片 ，负分滚粗 。不能原谅导演和编剧 无论是否是处女座还是有苦衷去拍的 。 可以原谅摄影。
291,2008-12-12 00:55:43,1964707,0,那是相当~~~~地一般
292,2016-01-07 10:44:27,25913617,1,凯奇大叔转行政客不太习惯
293,2013-08-02 23:30:41,10774666,1,fuck the bankers!!!
294,2008-08-08 19:39:42,1777620,0,重拍版更卡通 效果更差 虽然透露了很多细节 但是效果反而不太好 没有悬念 没有恐怖 没有敬畏
295,2019-02-08 02:48:06,3059211,1,小时候的冒险挺有意思的
296,2014-09-12 00:29:34,3287804,1,久久不能回神，压抑的主题。不介意气氛的话，一切都好。
297,2016-10-08 23:08:46,25700838,0,这电影讲了啥，看完了都不知道，尼玛那就能好上了？
298,2017-12-12 19:59:56,26872505,1,题材已经很老套了。可看的是妹子的颜值。导演拍得太克制了，该拍的都没拍出来。
299,2019-03-30 19:08:27,1292948,2,Terry Gilliam 八零年代的作品充滿奇思妙想，真棒！尤其結局特別好！上帝的飛天巨頭「把地圖還來」，明顯影響了《膽小狗英雄》其中一集。他沒能去執導《哈利波特》，真的可惜。
300,2018-10-08 21:02:49,27146634,0,导演个人的意淫故事
301,2013-09-10 03:58:11,20445145,2,这电影是在我们学校，武汉枫叶国际学校拍的！如今我已经远在美国了，但当时的拍摄场景还历历在目！好怀恋啊！
302,2016-09-24 17:43:17,3072985,2,兩次跟蹤的大戲讓人震撼，第一次黑板前講解與實戰拍攝交叉剪輯，第二次陳sir在總部「狗仔隊」在各個地點stand by，隨著目標的變化隨時變更策略，眼花撩亂。結尾突然血腥過後的戛然而止，真的會絕望於主角在這無法改變的圈子中永遠沈淪。也許死在破除怪圈的過程中是唯一能被接受的結局吧。
303,2019-09-05 20:53:16,25944273,0,这么抓马的历史人物却拍的如此沉闷
304,2018-10-22 05:08:59,1293061,1,idea不错 但是完成的比较粗糙 Karloff很棒
305,2013-11-06 10:20:54,3718273,1,就是场在夜店开的CA演唱会
306,2018-03-25 13:47:15,1427039,1,看到红白玫瑰之论的时候才真正为克莱尔伤心。真的是傻姑娘，她一早就预见了两人的结局，所做的事情只是归还订婚戒指希望对方考虑清楚，最坏的决定也不过是对自我的放弃。渣男，看一次骂一次，气死我了。凶手蛮好猜的，那封信的指向性太明确了，而且形迹也太可疑了一点。
307,2014-06-01 19:51:07,1295838,1,对于一部惊悚片，影片的节奏有些慢。
308,2010-09-05 15:10:15,1303897,1,玛丽·莱姆伯特在挑战男人的恐怖片！仿佛是少女的梦魇的无限放大，在酷热的午后我被惊出一身冷汗。
309,2015-12-03 23:16:44,22277629,0,被海报骗了
310,2011-06-22 10:42:16,1305852,2,邪恶力量的Jensen哥哥又一精彩演出
311,2010-09-23 12:24:22,1305066,2,笑点不多啊，还可以，一般~~
312,2017-05-10 04:37:34,1848300,2,特别喜欢第一个故事，拍得行云流水一气呵成；第二个故事生动幽默；第三个相对比较无感，但海滩的空旷场景是难得一见的Ophüls非“巴洛克式”布景，最后一幕简直像现代舞台剧一般（仿佛后来的费里尼会拍出的镜头）。更觉得，Ophüls是一位披着古典外衣的现代主义者。
313,2016-05-15 16:54:36,26051524,1,2 一潭死水，看腻女疯子谈恋爱的故事了，每次发疯就开始跑，别人都懒得追你了好嘛！歌迪亚马上就可以接班于佩尔加冕“戛纳毒瘤”。
314,2017-08-12 21:31:38,1796232,2,很甜
315,2010-08-17 12:09:11,3832852,0,拉到吧，这电影还2008年。
316,2012-07-17 14:37:41,1776198,1,他就是那个他
317,2010-07-22 22:40:59,1297229,2,我爱聪明的男人~~
318,2012-11-20 12:58:12,11506895,1,男猪有银他妈的气质
319,2019-08-08 22:39:47,6829652,2,桂纶镁啊桂纶镁，少年气果然最美。
320,2017-07-06 17:48:44,1962621,1,开头的那段近10分钟在人脑袋里与钱行警部追逐的片段是特么用来凑时间的？？？？100分钟的电影这一桥段完全可以演绎90分钟！！
321,2014-02-19 10:02:39,10604596,1,额。想找点儿关于sherlock的信息，谁知道他们聊绅士联盟更多一些。。。原来白教堂血案里的专家老头比麦哥还小一届，长得也太着急了。。。
322,2010-01-29 15:14:17,1421847,1,这个够诡异
323,2016-09-30 17:41:52,26874582,1,小时的回忆，可是和电影不一样了
324,2012-07-23 12:32:36,3075937,2,短篇很有魅力呀，最喜欢爷爷的油灯！
325,2018-05-15 21:28:55,5299006,2,棒球比赛也是韩国国民心态吧，先天不足，后天极其努力，痛恨怜悯，败亦光荣。拼搏的少年们真美好呀～
326,2011-05-16 08:45:42,3182426,1,为了你，我愿意做的更好~
327,2008-12-30 12:37:12,1436870,1,一部比一部更血腥
328,2014-08-09 11:58:13,20451334,1,碟仙占领了中国恐怖片元素市场啊这是
329,2017-02-02 18:35:48,2070464,2,靖哥哥和蓉儿…纪实风格让人痛到哭不出来
330,2013-09-17 09:05:49,1307534,0,唔知讲乜
331,2012-01-28 13:33:05,2033097,1,Predictable.
332,2017-05-29 13:09:44,5294292,2,Roy❤️
333,2012-01-22 15:08:24,1892525,2,因为这部喜欢约翰库萨克!
334,2016-06-06 11:40:03,1841904,1,女人被物化，被拥有被泄愤，被拿来养老过生活，被拯救被带毒品。好人变坏和坏人变好，也可以是一个人的两面，或过去相对现在，纯真对自私，最后蛮以为逃过一死，却戛然而止。那出路是什么？
335,2018-05-06 01:10:00,26657143,1,屋顶告白
336,2011-01-27 14:06:27,5364958,1,花與舞
337,2011-04-06 19:40:23,3888584,2,还不错，所谓的指挥也太不专业。
338,2012-05-09 02:47:48,10566003,0,真想给零星- -...事实证明被海报和片名骗了...
339,2012-10-06 09:41:46,10828426,0,太一般了，跟那赤裸特工没法比啊
340,2018-07-30 19:26:51,5041518,2,#B+  For gods sake你们俩就不能干柴烈火的碰撞么，让人干焦急。真是个傻白甜的时代，纯纯的恋爱简直让人全程都在姨母笑。穿插的琴乐妙到令人无法呼吸，对纯真年代的英音完全没有抵抗力惹。Billy Howle和Evan Peters是亲兄弟吗，有些角度真是傻傻分不清楚，像只兔子
341,2014-06-11 22:28:17,6080840,2,泪溅五尺
342,2011-08-12 00:01:26,6519514,1,这是怎么回事儿？
343,2017-05-13 12:50:48,1300470,1,1
344,2013-09-30 14:24:17,1449328,1,日本的动画，不像动画
345,2018-01-11 19:22:33,26290642,0,男主演技让人不忍直视了，呵呵，菩萨都知道我难过
346,2019-08-30 16:07:00,1291574,1,你知道吗，我们都一定会长大，也许会渐渐有各自的生活。但是，我不想最错过的，是和可以你在一起的这一刻。
347,2016-09-12 23:34:18,26771140,0,"boring, isn't it?"
348,2010-09-20 23:53:06,1294555,2,喜爱80年代末的美国，复古车，黑色雷朋，鲜艳大格子，粗线毛衣。
349,2012-07-31 09:50:48,3626439,2,日美关系隐喻在情爱中，还真是纠结
350,2018-09-08 09:25:16,26241402,1,残片。内容是对于“中国抗战”的完全正面宣传片😂，很多好笑的地方（可能是以现今的角度来说的好笑），比如配乐，比如举止…后半部分的缺失真的太可惜了…
351,2014-07-04 14:54:44,1307677,1,题材还行，可是剧本瞎了
352,2019-08-22 10:49:24,27600925,1,“一个国家如果没有了知识分子，这个国家岂非成了蠢蛋。”“出演电影《埃米尔》的小演员们中，只有两个在战争中幸免。”文学、知识可以改变人的一生。在战争中，永远没有赢家。前一小时精彩得不要不要的，后半小时好像拍摄经费不够了……
353,2013-06-19 08:45:42,2274323,1,澳大利亚拍成这样算不错了。
354,2019-08-05 17:35:16,5295610,2,"一些剧情没有书里描绘的好
但是感动我的是后面  拍摄小豆岛的故事。   "
355,2013-07-22 22:45:53,24869415,1,确确实实的火爆爆米花动作片。
356,2016-01-27 16:51:38,3317062,2,"别具风味的冷门黑色电影。1.琼·芳登的表演入木三分，娇美纤弱、性感魅惑与蛇蝎心肠兼具，这也是她首次转变戏路。2.剧情不新颖但情节紧凑，毫无冷场。3.低调高反差光影赏心悦目，伦勃朗布光，惊悚配乐令人难忘。4.游艇上的停电与幽会,引诱未果,这段拍得赞。5.座钟内藏包,老式电梯杀人桥段。（8.0/10）"
357,2019-09-03 00:32:49,26725678,1,西方国家的人民就是见少了世面，也不打听打听俺国老大哥是怎么watching us的
358,2013-02-15 21:47:59,1305619,1,改个名字或许更好，就叫“爱惜生命 远离混蛋”或“混蛋只配孤独终老”。
359,2012-05-17 22:09:31,4894066,2,不得不说，还是曾经的漫看起来更用心，现在已经很少有能靠对白和语言就可以感动一切构架一切的了。六年前看得是漫画，对白印象很深。虽然CV都很本命，但还是对漫画更留恋。外传的结局很虐，却是我喜欢的。阳光照进来了，悟空你不再孤单了。
360,2015-12-31 23:47:49,1298042,1,magnet:?xt=urn:btih:9F7FE207258243C0C9F1054392F274F7BDBB1DFC&dn=Barfly-1987-1080p-BluRay-x264-DTS-FGT
361,2006-06-18 20:01:35,1475197,1,"又名: 火影忍者：雪姬忍法帖_x000D_
_x000D_
导演: Tensai Okamura_x000D_
主演: Kazuhiko Inoue(voice) / Yûko Kaida(voice) / Chie Nakamura(voice)_x000D_
_x000D_
制片国家/地区: Japan_x000D_
上映年度: 2004_x000D_
语言: Japanese_x000D_
imdb链接: tt0476680_x000D_
_x000D_
"
362,2010-09-20 23:05:47,1292840,1,宽容源于对人性弱点的体察和怜悯。对一部黑白片来说，很开明前卫，但看到出轨的老爸义正言辞的为自己的欲望辩护教训女儿还是被囧到了，感觉很微妙啊。
363,2018-05-18 21:25:28,26890949,2,我的妈呀，钟奕儿，五星！
364,2019-09-05 08:49:58,3321892,2,谁能想到我大一的时候才把这部电影看了呢，所有奥特曼中最喜欢迪迦了，最帅也最善良。
365,2012-11-26 22:59:37,3195496,1,终于看全三部曲了
366,2011-04-17 20:02:06,1298308,2,一千年前 罗马人战后凯旋而归 享受喧闹巡游的荣耀 其中的号角手乐师及怪兽 全来自被征服的国土 木头车盛满掳掠得来的金银珠宝 胜利者坐在敞篷的马车上 囚犯系着铁链在他面前步过 他的儿子穿上白袍 骑在马背上 奴隶站在胜利者背后拿着皇冠 在他耳边低诉... 一切荣耀尽化云烟...
367,2010-11-15 21:11:57,4711195,0,雖然很喜歡大嘴但的確這片有點爛
368,2013-03-14 16:42:53,10487203,0,不能再肯定的是，电影预算都花在海报上了
369,2017-08-06 19:45:05,1302238,2,“白菜可以晒成菜干，菜干就永远是菜干。”笑中带泪的家庭生活片，被忽视的好电影，80年代的港片可得了啊！“这是我第二次两岁”、“不能让老一辈送晚辈，等我先转身离开…” 我们有勇气活到老，却没有能力宝刀未老。
370,2019-08-30 18:17:39,1309088,2,结局还算不错，这种电影，结局一般就剩一两个。
371,2019-04-11 19:11:51,1382621,2,201904谁能够拯救，谁能被拯救。你我皆如那头鲸，搁浅窒息，生命之石被掷入命运的深渊，被吞噬过程之中的寂寞与空虚，绝望者的独白，独白之后更绝望。我很喜欢。
372,2018-09-07 13:25:01,1422244,2,还算可以了
373,2011-06-19 00:16:45,1309071,2,Norton全剧不脱面具气场依然强大到无人能敌～还喜欢Bloom和大眼睛的邦女郎～
374,2016-01-23 23:32:06,25887846,0,妈的，超长肥皂剧
375,2017-08-17 19:41:30,14072900,1,我自己开了个公众号：孤独地穿越白天黑夜的飞行员
376,2018-03-19 23:40:09,26101285,0,我不知道豆瓣是否还客观，如果客观的话，请把我的评论让观众看到。我要说的就一句话，看完了你不骂娘，私聊我领红包！这是我看过最垃圾的电影之一！垃圾中的战斗机，我真不记得上次看到这么垃圾的电影是什么时候了，剧本谁写的？我初中的时候都比这个剧本强，我真是草了狗了来看，特意注册个豆瓣评论下
377,2019-03-28 16:35:36,26730826,2,演的好
378,2011-09-30 13:31:09,1306464,2,二班同学只来了9个人哦 ~  配乐很赞
379,2016-02-12 10:49:08,26724840,2,规模小，地气足，这才是想看的春晚。
380,2019-04-04 19:51:07,26691373,1,喜欢您
381,2019-03-09 02:24:53,4058933,2,飞机上跟芭芭拉史翠珊版本一起看的，更喜欢这个版本，狗狗好可爱
382,2009-12-04 00:56:09,3842666,1,entropy entertainment 德语版为什么是这个电影名
383,2012-02-28 21:24:00,1300256,2,喜欢
384,2017-03-12 11:35:40,26629328,0,不是不喜欢草根演员，而是演技尴尬
385,2017-05-14 21:05:22,3176141,2,我真是爱死这画风了，还有这配乐兼具女性的柔美与刚毅~
386,2018-01-19 08:10:13,1935739,1,Media Resources Center的DVD。影像上流淌着欲望和动能，多种不同的转场方式。
387,2018-12-09 10:54:59,5298994,2,应该是系列剧场版剧情最强的一部
388,2019-07-17 20:30:28,3431802,2,意料之外的不错 很合格的剧情片 虽然俗套但又带着真诚 节奏和主线抓的非常好 人物很多 并且主角还是一只狗 其实还挺容易拍瞎的 因为支线太多 但导演完全没这个问题 所以故事吸引力很足 这点非常成功 只是女主的演技真的有点辣鸡
389,2019-07-31 23:03:03,1298134,2,经典的枪战，纪念碑谷。
390,2019-07-07 14:43:52,4851900,1,孔侑怎样看都好看
391,2018-04-26 22:35:09,1292646,2,江湖黑帮俗套片的极致大概就是这样了。仅次于《愤怒的公牛》的我最喜欢的好莱坞电影开场。阿尔帕西诺又奉献了一次恐怕德尼罗也无法替代的表演（虽然我经常认为他俩一个刘德华一个梁朝伟）。还有就是怎么会想出“情枭的黎明”这么美的译名，和德帕尔马的运镜一样美。
392,2015-10-18 12:17:57,26453082,0,史上最烂啊.....简直了.......
393,2014-09-06 22:24:28,1295889,2,是不是因为我的愤怒、颓废和炽热比较多，所以才总是这样理解和热爱愤怒的人？呵，满心的幼稚，直溢出的血味。。向死而生，不顾一切。。
394,2016-10-18 13:04:44,26730547,1,"BGM太可怕、、、像是美国什么圣诞主题会说话的小狗电影会用的音乐.加濑亮旁白真好听啊,霓虹演员这么讨喜勒.一方水土养育一方人,能拍出动物收养站的工作常态,是因为这个国家有保护/收养流浪动物的意识."
395,2019-08-09 22:56:54,26887898,0,电影怎么说呢？感觉乱七八糟的，就像业余电影爱好者拍摄出来的，剧本都没有写好的那种，影片内容让我感觉用40分钟就可以讲完了，唯一亮点是女主角或者说女演员她真的合适这个角色，可惜没有好的制作团队和好的剧本，
396,2016-01-23 00:00:46,26348798,0,作为主打推理元素的本片，本片的推理漏洞之多我真是怀疑编剧的脑子是不是有病啊。霍建华没这个分饰两角的能力就别揽这个瓷器活。支线拖拖拉拉，没有卵用，存在感还特别弱，麦咏麟是拍了些屎啊。
397,2019-06-17 23:10:47,6101728,2,治愈捏！寂寞了请一定要说出来！哈哈
398,2018-03-08 01:57:23,4095296,1,像《美国牧歌》一样，幸福健康的中产家庭里莫名其妙的作逼熊孩子，害得父亲痛不欲生。要不是我亲眼见过这种可悲的脑残女人，大概都不相信会有这种事。
399,2019-07-06 13:09:06,1297150,0,三部中最差的一部，明明打着少年的旗号却在主线上与成长主题脱离开，丹尼尔反而成了宫城的陪衬，这就导致了最后结尾的生硬和刻意
400,2014-11-07 16:10:46,23059809,0,情节实在是有点不知所云，对于那位老爷爷的动机实在是没想明白
401,2019-07-22 23:13:35,27186348,2,春潮，太喜欢最后结尾的设置了。盲人播放音响，郝蕾闭着眼听海洋的声音。不知从何而来的溪流，沿着漫无目的的途径不断蔓延，扩散，前进，但不知道去往何方。比起血观音更加强烈的剧情，三个女人的家庭，情绪就这样潮起潮落，此起彼伏。
402,2011-09-03 01:35:51,1298976,1,没看懂，那个怪物是啥啊？！
403,2017-02-03 22:19:22,1292576,1,其实并没有觉得比第一部差多少，至少前半部分还是非常不错的，不过后半部分确实明显感觉到了乏力，男女主角的爱情相比第一部也变得不那么动人了。但总的来说歌曲我还是挺喜欢的，给个七分吧。詹姆斯肯恩真的太帅太迷人了一直注意着他，芭芭拉还是那个芭芭拉，歌曲演绎相当精彩
404,2019-04-01 21:34:50,1905790,2,最后的台词挺牛——“要去哪？”“开50块钱的，开就行了。”
405,2014-03-30 10:24:57,24754046,1,我给你4500 你艹一下我老婆好不好
406,2011-12-01 19:58:56,1308582,2,愛死這對老頭老太了一個搞斯人一個趟得住。放著年輕有爲帥doc不要盯上个鑽石王老五自作自受。一個歇斯底里一個心梗。雪中巴黎慶生。A woman to love戯中戯好笑。喜歡導演風格。
407,2015-03-10 22:59:36,10553116,1,看着rose那场戏的DTT (´°̥̥̥̥̥̥̥̥ω°̥̥̥̥̥̥̥̥｀)
408,2013-06-26 22:13:39,2335309,2,故事满好的。。。
409,2012-10-01 14:09:05,1301105,0,我去 满满全是吐槽点 一开始我还默默记下 到后来已经超过我所能承担的负荷 好累好无力 把其中穿插的照片挑出来都比这电影有点意思 最后那段的摄影有点张国师的意思 这绝对是黑色幽默 噗…… 
410,2018-06-04 21:01:57,26979209,1,在跑步机上用坡度9速度1缓慢的看完结尾，在心里铺垫了半天美国电影就可以做到不死人英雄结尾，结果还是不行，就一定要死人才好。  去天堂看看他们吧。
411,2017-04-10 10:33:43,1291839,2,未来都市的设计跟三十年后的任何科幻片比都没在输的
412,2019-07-28 23:16:21,1294699,2,终于看到这部电影了，充满黑色幽默的公路犯罪片，那会儿服装发型都很真复古，剧情也讨喜，硬汉又温情，笑死了“watch out Marvin！”
413,2011-02-16 19:29:48,1307106,1,从人情上讲，2有些破绽，也把1的故事搞复杂，让人觉得1有些事情不合逻辑了。其他都还是很完美的。但是大部分电影都不可能有无间道1那么好看，主要原因是无间道1，正反两线的对碰，太完美。暗战1是其次，但也只有无间道1七成水平而已
414,2019-06-29 09:44:10,33392019,1,脱口秀电影，英文不好的基本没什么看的必要，蠢萌风格的短片
415,2016-02-09 14:03:07,26184109,2,作为画面控。已经足够了，认识新女神：安慧媛！摄影和录音室的胜利！只有侯孝贤才能这么隐忍！我觉得没有对白的原因是根本父女两跟外界就语言不通！ps：一开始的飞机没有翅膀！
416,2010-04-06 03:16:18,1300305,1,太空僵尸片，我第一次在电影上看到ESA
417,2011-12-04 13:48:17,3210963,2,有意思。
418,2019-05-09 19:31:11,1303910,2,好玩
419,2019-07-23 08:21:35,1958063,0,补一个初中观影战绩，标准美式弱智儿童片，迪士尼出品，成人不易。
420,2007-02-15 22:24:21,1496478,1,"那么那么像法国的影像~~_x000D_
Rita的扮演者Yelena Yakovleva有点像Sophie Marceau "
421,2017-05-17 10:33:09,26823816,2,虽然画面太像AV风格了 不过剧情还是不错 人物刻画稍微用力过猛 但能体现出那种在困境面前 从自卑自闭到自强不息的精神 对于日本社会对残疾人的态度与帮助也是正面的描写 具有很强的正能量
422,2010-06-25 14:58:36,4824966,1,太冷了、、、、、、
423,2014-06-18 11:28:18,3624827,0,要承载（展现）的东西太多（而且是“负责”展示的东西），结果一点都不深刻。下面的评论已经说出了真相了
424,2016-12-29 20:59:41,1301117,1,古典阴郁
425,2010-12-14 21:28:05,4067285,2,结尾开始变得有意思了
426,2019-06-14 17:42:58,3072185,0,不好笑
427,2006-11-14 15:33:16,1308120,0,不如1
428,2018-05-04 10:13:51,27114911,0,捡了芝麻丢了西瓜，抛弃故事专精技术，只做了三部动画，就奢望比肩皮克斯，这才是霸道总裁的黄粱一梦
429,2013-10-13 21:19:05,1297863,2,92年的作品，那么好。片中连龙套都演的那么到位。结尾果然出现我大幂幂的小时候，仨小辫儿。还有，导演居然是陈嘉上！我有多后知后觉，拍《画皮》的陈嘉上？！而且导演还娶了片里面我觉得最美的小翠当老婆。生了俩娃又离了婚。啧啧。。。
430,2018-01-09 03:12:16,1300439,2,按照芬奇的讲法，犯罪形态的变化是对一个变态的社会机制的首要表现，社会机制同时也牵制和影响着侦破。连环杀手的故事那么引人入胜不总是因为猎奇心。
431,2012-02-28 16:44:11,3012819,1,儿童电影还算挺可以的，只是中间发展不大美，大人来看自然很不满足的。
432,2016-05-27 22:18:23,2567692,2,"小时候看过N遍的片子，现在又重温了一遍～
小朋友会比较喜欢看～～"
433,2019-05-25 00:45:17,1306406,1,每一次睇你do著住件低胸晚装，食面高增鞋踢爆樽揸枪fair人同埋讲粗口嘅样真系，五体投地啊，madam即刻up me唔该
434,2015-08-02 14:55:37,26258081,2,好看
435,2017-07-26 19:32:14,5120016,2,卡司特别，剧情奇怪，还有这个结尾.......俗到不能更俗的座头市，酷到不能更酷的昭和残侠，都挂了......在线看，英文硬字幕https://dramacools.to/the-homeless-episode-1.html
436,2019-02-15 15:57:39,3223377,2,虽然是老片子，但满满的励志正能量，当今的民工片几无能及。。而且还是很好的音乐片。。
437,2012-11-16 23:18:11,3094909,2,但就从詹妮弗劳伦斯的表演来说，如果我是奥斯卡评委，最佳女演员主角（或配角）的一票一定会给她，再加上这个题材本身如此奥斯卡，幕后又是韦恩斯坦……你明白的：）
438,2017-02-02 14:40:51,24973419,0,看完以后感觉全是疯子，特别想看看原著怎么写的。看了原著，觉得电影只拍出了原著的一半，书里那种压抑和绝望的感觉完全没有，在电影里只有疯狂和神经
439,2018-11-21 22:39:40,1298401,2,小时候在影院和父亲连同《碟中谍2》一起看的，因为先看了偏浪漫主义的碟2，所以相比之下觉得本片风格十分硬朗写实，甚至对于当时的我来说略显暴力。女主演的非常好，坚毅的母亲和无畏的特工。
440,2018-08-30 04:25:57,30197981,1,"导演: 陈亮言
编剧: 和洋 / 陈亮言
主演: 王宇泽 / 秦鸣悦 / 贾子宸 / 曹蕴 / 闫锐 / 更多...
类型: 悬疑 / 犯罪
制片国家/地区: 中国大陆"
441,2019-06-17 10:09:45,3871833,1,设定挺有意思，但是没有展开
442,2019-07-26 13:14:32,30175306,0,王晶（导演←重点）真是稳，在我这儿就没上过两星。您这也叫讲故事？比小学生真情实感流水账还不如就对了。
443,2019-06-28 07:33:49,1440347,2,一个美丽女人的复仇之路，血那么的美，歌曲播放的是那么切合实际，像一朵雪中的红玫瑰🌹！
444,2019-09-02 12:42:47,26791452,2,电影本身就特别靠近生活，许多细节都深有感触。育儿太辛苦了，还有因育儿产生抑郁焦虑的母亲也不在少数，备孕育儿期间丈夫的照顾与关爱也很重要。另外，还是生一个的好，一个就够折腾的了
445,2018-09-21 11:28:09,26884373,0,原著里为数不多的优点全部都丢了，但是电影的改编又没有创造出自己的亮点。情感没有铺垫，都显得有点莫名其妙。
446,2019-07-29 20:27:56,30136664,0,被工会强行拉来看的，剧情太扯了，癌症、假装情侣、断绝关系，得了，都齐了。这跟匠心有个一毛钱的关系？浪费了我两个小时的生命。
447,2019-04-23 00:39:32,2295884,1,纸飞机杀人事件。
448,2016-05-09 21:34:05,19955769,1,孤独是永恒的主题
449,2012-06-16 21:16:49,10481952,2,这种两个人互相拯救的主题真是百拍不厌，但牵涉到种族和信仰之间的争端，也颇聚现实意义。故事一般，节奏和表演都不错。
450,2017-08-30 13:23:48,22266126,0,好莱坞动作喜剧里比较常见的双男主配置，雷诺兹和杰克逊冤家搭档全程嘴炮大开。飙车、搏击戏的镜头给得够足够好看，美帝救世的薄弱套路则毫无诚意可言，另两位主演打了鸡血似的开挂狂嗨，更多是暴露出类型片太吵太肤浅的本质！★★
451,2018-09-10 00:08:29,30144362,2,这个拍摄手法挺好监控加自拍，有点光影的小特效，成本也不是很高，所以这个片子还能凑合看
452,2015-12-03 15:45:54,26411409,2,别后重逢才发现彼此还是彼此，原来感觉一直不曾改变。很喜欢两人互相吃醋的那部分，搞笑又显得那么真实，爱情本来就很简单吧。值得一看！单身狗要注意了，劝你带上朋友一起吧……
453,2010-03-15 20:45:04,1297716,2,一切都是因为 那个美好的 美国梦
454,2018-08-04 19:28:44,27061554,0,雷。校园片一定要狗血？
455,2019-02-20 22:27:09,1416437,2,背景音乐很煽情，和轻松娱乐感对比以及乌托邦的忧郁寄托。
456,2017-09-27 00:20:19,1297926,1,~他们查封不了我们的记忆~
457,2009-09-02 10:13:24,3073282,0,不喜欢恶搞的东西而已
458,2013-10-07 12:12:54,1305478,2,第一部让我对裸露镜头有感觉的片子，感谢东方电影台让我重温。2016.1重温。
459,2018-11-19 15:08:23,25945367,1,其实开罗在中国，中国宁夏有一个县叫开罗县，影响二战格局的开罗宣言其实是在宁夏的开罗召开的。毕竟，历史是任人打扮的小姑娘。
460,2019-06-01 05:33:11,24859034,1,以后还想要把这一系列做下去……不做成烂片就已经很牛逼了好吧……
461,2019-08-09 23:17:45,2357708,0,这部特效虚假，死法没创意，系列最差（第五部还没看）
462,2017-03-07 12:20:02,10463953,2,本尼太适合
463,2014-09-07 02:48:00,1304554,1,给低幼小孩看的电影却并没有做到老幼齐欢乐，我大概对这部电影在多年后的印象就剩下布里斯本拍摄片场旁边华纳电影世界里的史酷比鬼屋（就是幽灵城堡）过山车了……对了，那个shaggy听他说话真的很想打！
464,2011-07-07 21:17:40,3193264,2,开头差点睡着，后来滚拉拉出去寻父的路程让我不断想起前年在楠溪江源头爬山涉水的徒步场景，连穿的鞋都跟滚拉拉一样的！电影并不完美，但足以打动人，为自然的原生态和人物的质朴深深吸引。话说这个地方在贵州，哎呦，想去地列表又多了一处。
465,2015-05-09 21:39:55,23761370,2,非常好看。。全片充满了大段的火爆的动作戏和飙车戏，结尾还温柔了一把，作为一部商业片算是非常合格了。个人认为是全系列里仅次于5好看的一部。
466,2014-02-05 03:11:03,10608242,2,神一样的复仇
467,2016-07-17 16:28:31,2170545,2,这是一部很脏很痛的电影 插曲非常美
468,2011-06-05 20:05:23,1302282,2,山田洋次90年代的片，看过的都是大爱
469,2010-07-07 15:57:13,1945495,2,没有夸张的特技来突出海啸袭来时的骇人，用的是当时的纪录片片段。有点纪录片的风格，因此缺乏了一些观赏性，但导演试图表达出的反思与批判表现的淋漓尽致
470,2018-05-30 20:25:48,1958667,2,我心中剧场版的top1，无论BGM还是剧情都无敌
471,2017-10-30 00:05:42,1297024,1,一百周年
472,2019-07-14 12:29:29,24845116,1,最后的名场面“向武士致敬”真是万般感慨。
473,2015-09-12 22:25:56,1296161,2,意外地好喜欢。围棋那段一开始以为是瞎摆，后来发现真是高明。徐枫真是得这种英气逼人的扮相，太美！武侠打斗的处理也很好！
474,2014-08-23 05:15:11,10777698,2,还挺逗的
475,2019-07-17 23:51:53,10807916,1,油腻教主和玛丽苏公举冰的 结合体
476,2010-04-24 14:21:31,1294915,2,里面的人都好可爱…说实话没太看懂，但是稍微有点喜欢，很奇怪的感觉是不是。
477,2016-04-10 18:11:23,26364085,1,真是物以类聚，人以群分啊。
478,2018-04-13 11:58:14,26997663,0,真的很烦看电影找bug的人
479,2019-04-25 23:40:58,3148013,2,刘玉玲太棒了
480,2019-04-28 16:50:57,20438570,2,情感感受五味陈杂，值得推荐
481,2018-12-07 09:01:47,1925945,1,别看村子不咋大啊……
482,2019-03-14 23:08:50,11630801,1,反转一个接一个，以为是爱情片，结果是喜剧片，emmm
483,2006-08-23 23:54:33,1427317,1,「我不為任何一件事後悔」
484,2012-08-31 21:00:05,4833574,2,钟爱苗圃。
485,2010-09-05 18:11:57,3001186,2,bob dylan的配乐，ZELLWEGER的表演都挺好。本是很感伤的一个故事，拍的很活泼，很动人。
486,2011-04-19 19:23:46,1867787,1,3.5
487,2017-09-28 13:30:53,3778238,0,集体组织观看，看完之后烂的难以忘怀
488,2018-09-06 10:01:14,27611408,0,剧情有点拖沓，中年男女主偶像剧，看不下去
489,2010-02-09 10:56:06,4307000,2,喜欢看“财神到”的人也喜欢“气喘吁吁”。你的，明白！！！
490,2018-09-03 22:55:37,1297188,2,去中心化，链条式推进的叙事，各种超现实的情节和意象即荒诞又意指丰富，历史、宗教、政治、阶层、两性无所不包，文本性极强。布努埃尔的电影里你甚至很难听到一句粗口，可他的愤世嫉俗却令人惊叹。
491,2011-09-11 15:20:13,6524283,0,完全没有第三部好看。
492,2019-03-03 13:50:13,3056473,1,人人都有追求，包括小三小四小五小六……；出身胜过努力，晚吃苦不如早吃苦；故事太烂！
493,2011-06-06 02:40:19,3338896,0,见过装逼，没见过这么装逼的电影
494,2012-04-05 20:35:32,6864436,1,別鬧，別學大人。
495,2017-08-23 17:12:12,7154408,2,设定还不错，后面展开有点为了讲故事而讲故事了。从小憋屋里长大还不怎么吃得饱的几个女孩，战斗力比训练有素的警察还强。几个角色的展开也不够，除了四五六都分不清谁是谁。美国口语的外国怎么养出七个北欧口音的女孩，也很迷。Noomi Rapace的演技更是飘忽不定。
496,2018-07-16 00:26:10,26834258,0,看得好累。节奏太乱而且故事不知所云。线好多条，竟然还串不到一起。导演你真是棒棒哒。给2星全加在he的结局。还有音乐不错。真是浪费我1个多小时。无聊死了。
497,2014-11-10 08:20:25,6971305,2,虽然各种狗血但是还是可耻地被治愈了……
498,2010-06-04 13:47:04,1300954,1,“做手术就像挑水果 切开才知道是好是坏”
499,2018-10-31 11:31:18,3010704,2,莎翁的台词对英语能力要求甚高；舞台剧有限的时间里无法构架更复杂的人物形象，除了李尔王本身的悲剧性格，其他人的善与恶趋于平面；舞台按照Ian的期待足够intimate，但可发挥的余地小，视觉冲击较其他National Theatre的大戏而言偏弱；演员出色，老先生的发挥更是光芒四射。
500,2011-07-15 19:30:21,2117742,2,关于成长的一个电影 关于女主身份我觉得没有交代清楚，情节不太紧凑，我觉得一点也不惊悚- -！
501,2019-09-03 22:24:38,11527487,1,总有些人先长大，有些人慢一些，但终究终会长大。
502,2019-03-24 00:03:41,27666671,2,还不错吧，不过疯狂石头之后，再怎么拍都有点拾人牙慧的意思
503,2015-09-21 21:27:13,3230195,2,被感动了，估计是个韩国人看完得哭成啥样哦
504,2012-04-26 02:07:53,10561910,1,20120426 复试
505,2016-11-01 13:00:09,26896988,1,秀才啊你也沦落了啊
506,2019-05-29 22:55:04,30426860,1,掸脏胆抉
507,2018-12-27 01:30:39,27608535,1,EXO
508,2019-06-15 20:51:03,1293821,1,不知道是翻译还是真的是台词问题，前半部分的对话看得我云里雾里的，不过有薇诺娜在就行
509,2018-06-23 20:20:49,1297549,2,基顿又自导自演小人物屌丝外挂小萌猴；上下楼接电话及中国城一段演绝了；MGM新闻部大背景外加菲林真相大白；
510,2013-08-08 23:03:31,1293153,2,8分。真是好沉重的片子。战争对战败国而言，除了物质及肉体上的损失外，延续更久的，往往是精神上的失落感。当原有捍卫的，保护的，崇拜的一切都失去的时候，人总是要面临何去何从的抉择。当管风琴想起，人们凝望着已成废墟的教堂，那一刻，仿佛就是永恒。。。
511,2018-05-10 10:06:33,26986005,1,海报比剧情精彩，熟脸还是很多的...
512,2015-10-25 14:13:25,1298317,2,很多政治隐喻，演员表现好
513,2010-05-09 22:48:48,1419961,1,怎麼說呢，那個精神病人真的很討厭，特別是逃出去之後。她也爲了他墮落得大逆不道，拋夫棄子，最後配上性命。想起the countess
514,2012-11-17 00:54:03,11506895,2,间谍也要应付柴米油盐，同时还要被迫在两套话语系统里切换，喜剧味道却调不开南北操戈的悲情。韩国导演操弄南北情结的手腕愈发熟练了。
515,2011-09-27 13:12:13,4262929,1,明星不少，头半个小时差点关了，后面还是有看头
516,2011-05-25 19:48:02,1293813,1,3.5 一本圣经闯江湖
517,2019-02-25 19:00:23,26334947,1,"真的有那么安静吗？我们村也挺安静的，暑假回家，穿过屋前屋后，看风吹起鲜艳的被单和衣物，没有人说话。寒假回家，坐院里看书，也只有阳光照着长短错落的腊肠，泛着油光。
因为太安静了所以他们烟酒不离身吗？"
518,2008-07-13 16:23:25,1766789,2,小学时代少年漫画中的最爱~
519,2012-06-16 17:59:09,2983985,0,实在是个太傻逼的片子了!!!!!!!!!!!!
520,2015-10-11 22:46:33,25926732,1,母鸡只能下崽
521,2018-09-21 17:12:37,26961848,0,网上看了那一段过来的 没有想象中的有趣 屎尿屁没玩出新感觉
522,2011-11-28 09:08:53,2982191,2,不懂但是足夠搞笑
523,2013-09-21 23:12:32,5152343,1,说明什么呢？基督徒的伪善？
524,2018-07-25 11:17:42,26925547,0,不行 真的不行
525,2017-01-24 12:27:30,20391755,2,反正这是儿童电影，而且如果我还是个小女孩的话我一定会喜欢它的。
526,2019-03-03 09:42:53,26614128,1,满屏民国时期的大白腿大胸妹
527,2016-06-05 22:36:17,1299015,0,有几处惊悚感设置不错，但总体案情推进太漫不经心。
528,2008-05-23 12:58:19,1305175,2,呃，也许这样的电影不流行，但是它质朴的表现了生活...另外，巩俐是个好演员。
529,2010-09-21 10:21:41,1293077,1,编剧也是个神经病，我崇拜你。苏菲的选择，是没有选择的选择，一生中你可以遇见许多次，也许不如生与死那般严重，可也是记忆里的一道十字伤。
530,2018-09-30 07:43:24,26410626,0,woc这个动漫（我简直不知道能不能称为动漫了），简直烂出了天际！
531,2013-10-14 18:11:42,20645052,2,今年威尼斯电影节地平线单元最佳影片。真实淡定，导演很注重对细节的雕琢，结局过于理想化了。
532,2015-07-10 11:39:23,26021055,2,女主角真有气质。
533,2017-12-12 20:51:38,1304258,1,I talk，I sing，I dance，I kill you，I make sense（愿为Kaufman的游戏打五星
534,2019-05-27 23:32:49,20020915,2,有朝一日想看小松演真基友片！
535,2010-11-14 09:57:25,3011459,2,在影院里看不是一般的震撼~
536,2019-01-16 12:19:33,26946197,1,整部电影里最羡慕还是他的爱情，he found his soul mate 
537,2018-02-13 11:32:22,27198855,2,看哭了很多次，非盈利创业故事。一无所有，只有满腔柔情的坚持和拼尽一切的孤勇。tell her I will change her shame into respect. 扣一分是因为实在忍受不了最后他选择回到原配妻子身边。那个陪伴他走出绝境的完美小姐姐，是来负责成全伟大人设的吗？
538,2019-08-23 16:15:10,21937446,2,小女孩的演技棒
539,2017-06-26 23:21:10,1301658,2,SIFF|嗷嗷阿兰德龙好帅 冷静和克制的镜头 面部特写 描述犯罪过程时无比耐心 场面调度无比流畅 但是美中不足是对人物的感情刻画相比与用于描写犯罪过程的时间少很多 导致结局的感情有些突兀 不过开车那一段的镜头和配乐有点让我想到了出租车司机 啊呀呀
540,2010-11-29 22:22:26,1297227,2,不负期待 非常精彩 希望肥温领衔的HBO新版不要搞砸了
541,2013-09-29 10:05:03,2009395,2,#观影手记# 1415 4.5 让人心情顿好的欢乐姐弟恋故事。大龄辣妈michelle pfeiffer和Paul的萌呆意外搭，对白精彩表演佳，算是Chick Flick中的佳作了。
542,2012-06-01 14:27:35,5129161,2,画面很漂亮！
543,2017-08-25 11:40:44,1293439,1,荒诞见真情，小正太与熟女的故事
544,2019-05-08 19:57:35,26356513,1,剧情没什么好评的，喜欢黑夜探照灯那场戏以及最后十分钟仅一句台词的戏。说下配角萨宾，空长了一张nazi脸，演技却撑不起来，显得外强中干
545,2019-01-01 00:05:48,1306795,1,2019的跨年电影，因此近距离听了一波高深的影评，我也会记得这样的体验......你关注的人还没写过长评。
546,2018-11-27 00:55:15,27132728,1,结局什么意思 注定的循环 所以男主要死？最后那个婴儿就是片子里活下来的男孩…男主朋友没死 男孩没死 所以不循环了？
547,2012-01-30 23:47:27,1293164,2,心目中的经典，看了多少遍还是会被触动。对Andy Garcia的眼神毫无抵抗力... 
548,2018-10-21 14:55:31,27072795,2,以魔幻映照现实，从现实遁回神恩。
549,2010-06-09 00:01:13,1292646,1,背叛，所有人的背叛。。。
550,2016-06-22 16:45:13,26324882,2,很温情的一部电影，总在寻找你最感动的点进行眼泪攻击。萌萌的机器人配合拥有浓情父爱的老爹整部剧即使有很多漏洞也完全可以忽略不计，我推荐喜欢韩国感情路线的朋友可以看看。
551,2019-09-04 00:05:18,25920885,2,季度间的衔接电影。其实质量不错！
552,2019-05-07 22:42:55,27186155,1,适合无聊时间打发看港式都市小故事的片子，没有任何营养…
553,2013-06-12 23:57:03,1298535,1,情节一般般，有点俗套。但为了王杰，张雨生，庹宗华……都好嫩啊，第一次看到他们这么年轻的模样。张雨生烧菜好萌，哈哈。
554,2018-09-15 14:46:05,1293153,2,乱世出佳作，无论这一时期的意大利还是中国，拍摄的多为关心民生疾苦的现实主义作品，不同的是中国电影太爱说教，一些电影弄得跟革命教育讲座似的，看来说教的传统还真不是总局的锅，打中国电影诞生后就有了
555,2008-12-20 15:32:26,1980877,1,只是因为丹尼尔
556,2017-08-13 02:24:08,6062730,1,已经忘了讲什么了
557,2017-08-05 08:56:37,5152969,2,为了男主的颜我看完了。一个哆哆嗦嗦神经兮兮的受害妄想症晚期，可爱
558,2019-08-13 23:56:10,1293271,1,"上流社会，鲜花，音乐，舞蹈，性女人男人，狗仔，疯狂和享乐，杀戮和哭泣，背叛和钟情，无奈和妥协，没有甜蜜，只有迷惑。
没有出路。"
559,2010-04-27 14:16:54,1418674,2,"这是一部根据江户川乱步小说改编的电影，也是一部向爱伦·坡致敬的电影，拍得非常维美，别具幻想的氛围。_x000D_
_x000D_
根据一位崇拜爱伦·坡的日本大师写的爱伦·坡式的小说拍的电影，太唯美了，太爱伦·坡了。"
560,2019-02-05 21:57:11,6001038,2,温情治愈 不忘初心 要为村庄带去光明啊！
561,2009-06-22 13:16:58,3609025,2,这期比较有教育意义。
562,2017-03-16 17:59:08,1292914,1,希胖貌似挺满意这部恶搞片
563,2019-01-01 22:45:49,1473294,1,好冷门，被我发现了hhh
564,2013-01-08 21:13:14,6094945,2,"催泪弹,哭死了，每一个小故事都好爱。简直被电影里的狗狗和第三个故事里的小萝莉萌化了~"
565,2019-09-01 23:22:21,26859006,1,最后流眼泪是漏油了么？
566,2019-05-07 21:14:23,26606774,2,我觉得很不错啊，故事很好啊，比较喜欢这个感觉
567,2018-09-27 19:37:55,26578204,0,日本人的脑洞真是超级大，关键演完了都没明白导演想表达啥。。。跪了。
568,2014-06-27 14:15:33,25886523,1,主旋那个律哟
569,2011-11-29 16:58:11,1452055,2,"意大利对政治犯流放者，也是尊重，宽容的。
钟声响起的时候很美。

"
570,2019-01-19 12:32:20,26890860,0,有点逻辑行不。或者请几个花瓶露胸露奶子行不？多学习下我们这儿怎么拍烂片的嘛
571,2018-04-15 00:48:42,1299394,2,原以为是搞笑片，没想到如何温馨，点赞！吴耀汉法庭那场戏演技太好了！！
572,2011-11-14 23:40:50,1304091,2,那时，杨紫琼真美，这么不靠谱的剧本但是记忆深刻
573,2019-08-10 11:06:33,2464346,1,远方传来的一句战讯，收拢了家庭、村庄与国家。
574,2018-07-16 18:29:15,1301902,0,不配
575,2016-12-21 23:26:53,1982084,2,稍有点生涩，但也妙趣横生啊
576,2012-07-09 18:48:53,1958168,0,太玷污智商了。
577,2017-04-05 16:23:36,26926479,2,戏剧性强，台词启发人心，拍不出国产片的尴尬，就是好。
578,2011-08-23 21:43:57,3055715,2,第一次看卢森堡的电影，80年代的美好和伤痛，配乐灰常喜欢！主角Layke Anderson和配角们演得都很nice~
579,2017-07-30 11:12:58,3327489,1,标记导演新作（7/10）
580,2009-03-19 21:29:13,1294364,0,刻骨的感情从何而来？这是黄金年代我看过的最差劲的第三者教育影片
581,2017-01-25 23:41:01,26337155,0,拍的真不咋地，有些地方莫名其妙的。而且那几处喂奶的相当尴尬。黄河旁边居然有围栏，导演你啊。。。
582,2016-10-23 20:19:53,4944008,1,猝不及防被污了一脸
583,2012-09-16 00:05:01,1293320,2,前面有点不耐烦，不过最后那一霎还真是蛮感动的。就是女主自尊心太强了看到后来真替她捉急啊。
584,2011-11-15 23:53:31,1307781,0,好难看  p.s.loving you的歌词好球囧  = =
585,2018-12-16 14:06:09,1303567,2,胶片拷贝推测应该是非修复的剧场版，剪得琐碎，然而完全无法遮掩奥胖的锋芒，可能也是他剧作上最令人费解的影片，观众代入到主角迷离的视角中，而收尾突然将紧张的黑色电影转变为了优雅哀伤的悲剧，太漂亮了。
586,2019-05-23 17:03:22,26855043,1,"2019-05-22#影迷朋友赠票
有很多宗教隐喻
有重力的生活
"
587,2019-07-07 12:10:05,26857741,0,前戏太长，中间拖沓，结尾莫名，可惜了
588,2011-03-02 15:41:17,3824339,0,和男友第一次约会看的，还可以更差点么？刚开始镜头，以为是暮光之城。哎，此片不给力。看到一大半，他ex打电话，真的什么都扫兴了。
589,2019-06-15 15:04:58,26985513,2,挺好的啊，你想在见到一个人，那就成为他让你爱的样子，
590,2010-10-04 22:56:03,2244593,1,乱七八糟~不懂
591,2015-07-26 06:40:34,1947116,1,http://www.56.com/u96/v_OTAzNDY0Mjk.html
592,2017-05-21 21:04:27,25723780,1,：（
593,2013-03-13 14:45:24,4918501,2,形式即内容，戏剧的魅力通过电影毫无违和感地得以彰显。雷乃宝刀不老，秒杀神圣车行。可惜收尾收的太怂了。4星半。
594,2012-02-05 14:16:21,1422091,2,高峰秀子真美！！！六十年代的日本和九十年代的中国真是像啊，但中国好像还没人能拍出这样的电影，特别是成濑的节奏。
595,2019-06-20 22:16:22,20418685,2,稍微有点拖，剧情很好
596,2019-08-04 21:16:17,1305566,1,和某一段历史相似
597,2014-09-01 15:49:52,20426969,1,女主角很美，人见人爱吧，可是爱不一定会结婚，阴差阳错，男主角与女主角有机会走到一起，是否能真的在一起有时候是需要撮合的，有这样的一个人，这个人是他们站长，非常好的一部电影。
598,2013-06-02 09:21:21,10468424,1,搞天然气的...
599,2011-02-15 03:27:17,1294516,2,好看哇 粉红色||海伦娜美呆了
600,2018-10-01 12:42:38,1293407,2,还是左宏元的音乐，好跳跃好高兴好淳朴好通俗。电影前半段挺喜剧的，后半段就有点无力。又见童星“歹脸”，陈友爱情打酱油之二。。。
601,2019-01-03 10:13:23,30237515,2,网大里面算不错了
602,2009-07-30 14:49:42,1295576,0,"这样一部怪异混乱的电影，完全没有看懂，也就不知道评价。_x000D_
看到的只是一片混沌恶心，也许只是自己的无知。因为是名导特里-吉列姆，演员也似乎不少熟面孔，光头的德普，白蜡般怪诞神秘的蜘蛛侠托比-马奎尔，电梯里的金发尤物塞隆-迪亚茨，酒店和高速上迷茫的克里斯汀-里奇。"
603,2017-08-18 01:24:16,26817015,0,所有美好都只是经过，最后什么都没有。我的世界零零落落，被摧毁过，也被你温暖的一握拯救过。
604,2015-04-18 11:08:09,1938951,1,看爷爷的片子
605,2016-12-08 13:51:33,10777780,0,这个分好高啊。。。不至于啊，故事在2012看还是很新颖的，也挺优秀，但是说实话完全不能到8分，实际三星半，平衡下分数，打三星。
606,2010-07-03 05:39:16,3437161,2,"为了 Marc-André Grondin_x000D_
演技依然精湛 剧情悬疑"
607,2018-12-14 22:11:18,25736455,1,来自女保姆的色诱与报复
608,2010-02-20 22:54:46,1394231,2,音乐加一星，结子加一星.  可惜没有原声碟
609,2019-08-24 22:33:57,26924141,2,枪战非常精彩，在港片里都可以排在前列了，剧情相对来说也还行，稍微有点跳跃，但是几个配角真的，徐静蕾，何炅基本败笔了，虽然张家辉的表现及格，但是无奈队友不给力，真的撑不起
610,2018-01-31 22:03:30,1299611,0,心计和情意互不相对，男人用尽了计，女人用尽了情，都没得到一个结果。不稀奇的情节推进，没把标题中危机悄然逼近的意传达出来
611,2019-05-13 14:57:20,1296660,1,跳tone及不知所云的逗比感
612,2014-04-15 19:53:44,1296820,1,三星
613,2017-05-04 17:44:11,25833539,2,比第一部好看些，各方面都有些改善……
614,2013-06-30 01:52:47,3024828,0,卖肉，同性支线
615,2019-02-15 00:03:23,1308748,2,觉得还可以吧，没有说的那么烂
616,2017-04-15 12:49:46,25937856,0,颜值比电影本身好看系列。开场惊艳，但编剧后半段不在线。上帝给每个人都给了入场券，看你能不能把握机会了，失而复得又再次失去，怪我咯？
617,2014-05-14 23:25:58,1867403,0,剧名不好
618,2008-07-26 20:35:11,1813966,1,做自己
619,2019-03-05 04:06:15,24878381,2,【5.5】拍剪都挺不错，略生猛
620,2019-08-24 12:23:43,30242164,2,题材不错，各方面都蛮好的，不过确实不够细致啦。文棠太帅了叭！
621,2012-03-24 14:51:49,4843637,0,"他们不知道,人一张狂,有一天喜马拉雅山也会塌下来......由于大量删减的缘故,使这部片的流畅度变得极其缓慢,差点就没有看下去的欲望了,不知否还会有完整版的出吗??最后那首腔调很有意思。"
622,2013-12-20 21:19:25,10485526,0,7.7这个分数夸张了 时间轴往前走，故事像是前传，不过有些乱了，又是老太太，又是老男人被迫变装癖，有点生硬，揉得不够和谐。
623,2017-12-09 03:44:21,26676145,0,电影解说
624,2016-08-26 01:04:41,3731600,0,一个喜欢喝咖啡的人看到标题就熬不犹豫的点开了电影，然而并没有看懂，是讲人性？生活？就是咖啡馆里的大大小小人物的故事。有趣又悲哀的生活？（刚刚看完怦然心动，觉得女主眼熟才想起之前看过她演的这部片子）
625,2019-06-18 20:37:54,6990490,2,第二个与第四个，有些世界奇妙物语的风格，隐隐的还有点说教意味。比第一部好看，至少细节处理的更精致一些。
626,2016-11-15 11:11:57,26610343,0,电影版的主题，没有兴趣，唉。但是这两只和公园的一帮人真是有爱！
627,2010-06-06 01:52:33,1774311,1,还有一部 惊世启示录 三部曲 更震撼 和慑人。。
628,2019-09-03 04:19:30,26679552,0,emmm 感情是很细腻了 可是似乎对这类电影提不起感冒 所以为啥叫推销员…
629,2019-07-15 18:52:34,1294220,2,看了后一半 挺有趣的老电影
630,2014-09-01 23:02:44,21359360,2,很怪，配乐好听醉了。
631,2018-10-19 19:40:46,1307580,1,＃布列松回顧展＃
632,2018-04-07 22:17:58,25749872,0,欧嘉女士的脸蛋和身材那是没的说，也不说那五毛钱的特效，可以说说的只有剧情了真是很扯淡。成本估计是挺低的，尽管万年配角摩根弗里曼都被请来了。故事很简单，抢劫银行的钻石和关键的优盘，参议员跟鸡啪啪被偷拍，然后就是你追我赶，套路情节，反正怎么样女主就是不死。片尾故意留下悬念，还拍续集？
633,2019-04-12 10:16:13,1432288,1,早前买的DVD看的，各种砍杀。。
634,2012-11-09 08:03:05,6601369,2,居然是歌舞片！不管三池崇史是不是玩票，反正我笑死了，反派一个袁泉一个杜德伟！各种日本人的恶趣味都玩得很熟，妻夫木聪打女人也应该打得很爽。歌都好听，就是都太长了，节奏完全被断成一截一截了。
635,2018-03-20 19:47:05,26910366,2,这是关于狄更斯在1843年圣诞节前夕用六周的时间创作《圣诞颂歌》的故事。天才般的作家是不是都这样癫狂还有妄想症？基调略阴暗，不适合小孩看，结局还是挺温暖的。服化道不错，考究而精良。《圣诞颂歌》是改变西方圣诞传统，开始做慈善的重要原因。
636,2015-04-01 16:52:33,1854964,1,标准的枪战片，80年代的香港枪战片，看的就是长篇大论的枪战和火焰。
637,2019-06-30 00:05:59,25865960,1,看过
638,2013-03-30 22:13:26,1293518,2,当年内地演员还是挺能够融入港片的，巫刚演的不错。青霞JJ给我一种东方不败穿越来的感觉
639,2012-06-25 22:34:00,10554941,0,本来不错的剧情，结果拍的不尽人意
640,2019-07-09 12:58:08,26413269,2,宫九真牛逼
641,2012-05-23 21:12:52,3089571,2,好看
642,2017-04-16 11:40:37,25809260,1,看完《情圣》又回来看克拉拉的。
643,2016-11-17 00:28:11,26352306,0,#金马53#「赤裸的处女化成炽热的蝴蝶照亮你的路。」诗歌戏剧小品，绘画音乐舞蹈，疯狂怪诞的表演是艺术家的狂欢。理想与现实形成冲突，不断渗出具有讽刺意味的冷幽默，但笑点有些尴尬。叙事弱，剧情空，整体较为零散，只有布景和色彩做得很饱满。真正是一场表演艺术。生命本身无意义，要去活出来。
644,2018-12-17 18:43:55,26683287,0,不喜欢。电影与片中片真的可以融为一体，这是一种故意为之的艺术吗？
645,2016-08-10 21:49:31,25716096,1,细腻却缺乏大气，有力又稍显做作，节奏流畅叙事平滑，像是熟练运用模板压制出来的平凡之作，没有格外的缺陷或是长处，将拿捏得稍有韵味旋即戛然而止的平凡剧本平凡地演绎了出来，这也是我们青春片的一致硬伤，重于情怀而疏于昭切。有人推荐给我讲这是一部残酷青春，我只对他这粉红色的残酷一笑而过。
646,2019-08-12 07:51:00,2138299,2,阿奇叔的一耳光，全片最精彩。
647,2019-01-02 01:59:57,26909515,2,掀床单一场戏厉害了～
648,2013-06-13 21:39:05,7015722,1,2013-03-06 young这个标签就是代表着看到了很多以前的自己，这部也许称得上例外。太不像我了，任何时期的我。但是我容易被一种设定给钉死，即『林黄歧路指两方，心怨未可踏其双』，加上表现的相爱容易相处难，以及“被扶上正道后的生活真他妈操蛋”的结局。
649,2018-10-19 12:35:01,26985996,0,展现了「要小孩过程中的尴尬」却基本回避深层次讨论「为什么一定要小孩」，连你瓣舆论场都会反思反思繁殖癌，这些纽约客也太不酷了。
650,2018-09-05 06:33:57,4323652,0,结构松散、沉闷晦涩的“文艺片”。有零星看点但不够成熟。杨志是个可爱的圆脑袋宝宝。
651,2012-01-26 00:23:59,3718493,0,法国警察果然都是呆子
652,2016-06-07 20:13:18,26363858,1,听到了久违的口音，肉牛满面。可能年龄大了，看着一群人举着牌子已经没什么感觉了。
653,2019-02-26 21:57:09,30413204,1,常规猫片，不过主演是只黑猫，估计还是田园猫，不是美短什么的。
654,2012-09-16 21:22:55,5323911,2,有sexy元素就不会太寂寞，继续拍三吧
655,2017-11-12 14:12:06,26290390,0,预告片弃，太恶心了。
656,2015-02-18 03:13:52,6999835,0,演员阵容还挺强 剧情讲青少年成长 和家庭关系 故事不是很吸引人
657,2014-07-04 23:14:55,6437048,0,完全为了西语看的，为了钱杀了自己养蜂的孪生兄弟，家庭也不要了，结果破绽百出，结局惨淡。
658,2014-06-05 01:31:34,2356969,2,刁诈天，太cult
659,2019-03-25 23:14:53,1293129,1,爱奇艺影视恐怖片类别里居然有这部电影。标记“想看”了很久，终于看了。
660,2019-09-02 15:26:40,3143967,0,凑合吧
661,2018-01-01 19:03:33,1786623,2,简单得像个纪录片，善与恶的平衡调配的刚刚好，让人觉得活着真好。
662,2015-01-28 22:16:41,25740432,0,"剧情一般，只记得那个男主角不是蜘蛛侠里的
反派头子么？哈哈"
663,2019-09-05 11:15:24,1307906,2,童年，刘德华和郑秀文心情不好就请假，拼命的做卫生，搞清洁工作，性格上傻傻的，单纯又善良，每次都会以男性的视角给郑秀文提出一些建议，教她如何解决与男朋友之间的问题，我很喜欢这部电影的题材，更喜欢这部电影里面男男女女的描述。
664,2019-03-27 08:25:20,27114929,0,画质真感人，，还有花屏。。。。！
665,2011-01-10 13:14:45,3102987,0,其实我觉得没有第一部清楚，我指的是情节，搞不清讲神马东西。。。
666,2015-08-07 11:22:02,25815000,2,的确是初恋，的确是带着现任打前任们，黑子到如今都无法忘怀的初恋啊。。。//至于赤司，我还是觉得他抖S的特别中二
667,2017-03-14 08:39:20,6835256,2,看到经典的电影被恶搞还是很有意思的，但如果不知道里面的梗就会不知所云。看这部电影就是偶然消遣，放松一下。
668,2012-07-23 22:14:21,10491655,2,荒诞，关于一张彩票的故事。中国导演还是很擅长处理机缘巧合之事的。虽不及疯狂的石头出彩，也可算最近国产电影中尚属不错的电影，挺好玩。
669,2015-05-01 16:55:27,1306463,0,宋胖啊~导演年轻时，如此时的金知云，技巧用的那么认真，但整个电影明显平平，后面技巧丰富不那么显眼了，电影也上去了
670,2018-06-10 01:44:17,26926307,0,短剧如同下饭菜，吃完饭，剧的使命就完结了，简单的故事，从林子一出场就知道是个怎样的结局，说不完的东西，只能点到即止，不会回味啊。
671,2009-10-20 21:23:02,1768524,1,绝对能看下去，但也不会让人印象特别深刻的一部片子。
672,2016-12-31 18:20:24,1297364,1,"镰刀锤子旗帜是大地主德古拉伯爵被长工做成人彘以及钉死时的鲜血染红的~ 吸血鬼是假红,左狗才是真红~  开头德古拉和仆人的对手戏囧囧有神,感觉真的是按喜剧拍的,更隐蔽的亚当斯一家啊;片中性爱代表着自由的造反的红色的力量;德古拉居然能赤手抓十字架,能在大白天旅行,喷了;jd和uk超帅;德西卡的最后一年"
673,2017-09-04 11:23:27,6393347,0,剧情的简介处理给生活片段留下更多可塑的空间 但也少了以往伊朗电影贴进日常生活的质感
674,2011-07-18 15:09:29,1961841,2,这部还是不错的电影哦 ，还是蛮喜欢啊 建议去 U影666 www.1155dy.com上看
675,2018-11-05 15:57:22,27054613,1,3.7
676,2018-11-05 10:03:34,30322995,0,很套路，又不是那么的印度套路。嗯，一言不合就跳舞比较少了。但依旧这么长。其实删掉一个小时完全OK。磨磨唧唧的。打斗部分也是略浮夸。几个演员都还不错。
677,2009-08-20 13:33:37,2074700,1,年轻小营业员的疯狂一夜
678,2019-06-20 18:41:48,3241308,1,已有
679,2017-01-09 23:10:02,1997377,1,通过比较，还是觉得爱德华诺顿演的沃特更好～而且06版的情节更加丰富，当然这根本就不能放在一起比较，毕竟隔了一百年……
680,2016-02-02 14:41:49,3752420,1,虽然我被吓到了，不过还是觉得不够惊悚~~~哈哈~
681,2018-08-29 16:08:50,30170409,2,我爱柯佳嬿~
682,2013-05-13 11:44:04,3021435,1,哟哈！居然这里有2001版的咩？？我记得我小时候看过两个版本的，一个是超级早的版本很清水的，一个是后面读小学时候看的，就是部三级片...
683,2018-08-04 13:43:26,1440736,1,其实上一部结局挺好的，不应该有这部。罗文演的不错
684,2010-06-14 14:40:26,3524476,2,"欢乐一下,画面还挺舒服的,只是,那些配角很无厘头,哈哈哈哈哈...那个理事长很像神社里面的,好可爱!"
685,2009-04-22 23:27:34,1922393,2,很精彩，拍摄也很认真！6分被低估了，起码是7分！味道很正；开头雨夜阴谋的那段很棒，非常喜欢，非常典型的传奇故事环境！
686,2007-12-28 17:54:27,1783774,1,明明的片节奏一向比较舒缓，主题常和情欲脱不了关系，本片继续延续以上规则...
687,2011-03-20 16:59:56,2995721,1,翻新三只小猪
688,2014-01-30 12:37:58,3011296,1,"现代寓言片,母爱是自私的,但是又想到结尾那个母子一起自焚的心酸结局,又感叹母爱是伟大的~~~"
689,2019-07-17 02:23:37,1300204,2,李嘉欣真好看啊
690,2015-10-04 17:37:39,1844594,0,最讨厌中世纪欧洲历史剧了，盛装浓抹真受不了
691,2011-09-25 23:33:55,6878091,2,香水廣告很棒，who's on top最後一題是請把Entourage的cast按從受到攻的順序排列哈哈哈XD 其實第一個sketch也還不錯，不免俗地提了Romney vs Perry、辯論上的起哄以及HPV vaccine，有戳到點但跟Jon和Stephen的各種諷刺比就覺得好弱=口= 不過Paul演Ron Paul超像！然後Alec兩三次台詞念不順...
692,2019-08-15 13:06:17,1297390,1,三角的羁绊
693,2013-06-21 00:19:13,1776365,0,莫少聪那个时候特别年轻可爱，83年啊，都30年过去了。这个电影现在看来，笑点很冷，剧情也特别老套
694,2017-07-29 14:33:48,23415048,0,完全看男女主……剧情安排实在有点弱
695,2008-11-14 18:17:25,2078908,0,美国式低等搞笑
696,2014-09-10 05:51:26,6873228,1,一場電影，早間5點半。
697,2018-07-21 19:16:42,4732901,2,老样子，悠然悠然。鸭川真好。高清check。
698,2010-04-14 12:25:58,3814426,0,女人好，仆人屌，亲生父子荒唐吵；画质糙，字幕妙，辛苦制作没白搞；故事匆匆过，三星应足够。
699,2019-07-03 11:24:49,26790564,0,看完整个电影，只喜欢女主，她还有一部电影是沙滩鼠，也是炮灰……电影有些啰嗦，基本能一眼看穿结尾，有些情节放在现在的电影中有些无聊，但是看到好莱坞皆大欢喜的结局时，还是有些感动，从朋友的每一个眼神中仿佛唤醒了我那一丝熄灭的青春，62。
700,2014-07-17 14:56:15,1308658,2,挺温馨。神神叨叨的老爷爷和小猫组合。宠溺和任性什么的。
701,2018-12-09 19:15:06,30143857,2,对比Mendoza那部John John，这一部几乎覆盖到了跟一次领养行为有关的全部各方。如果将这个弃婴视作某种富余下出的稀缺社会资源的话，它无疑呈现了一个成熟社会是如何完成一次合理再分配的，与此同时，也携带出了各种分配的困惑。
702,2018-12-14 19:41:07,2137772,0,hammer 
703,2009-02-27 13:59:48,2083861,0,太恶心了
704,2019-01-27 14:04:41,5973401,1,差劲的社会里，人们才会崇拜走投无路的罪犯
705,2017-06-16 17:09:08,2213045,1,小新娘
706,2017-06-20 18:15:31,3750748,1,所以法庭上输赢全靠拼黑客技术么？
707,2012-10-15 03:32:45,1309053,2,希斯莱杰真萌
708,2018-03-20 19:56:13,10535571,0,阴冷的色调，优秀的配乐，金牌卡司，日本黑道呈现得克制而严谨。相扑，红灯区，下町，加上独特的黑道文化，足以让外国人过足了一把东方瘾。但外国导演拍的日本总是让人感觉只学到了花拳绣腿的表面没有抓住精髓，人物过于脸谱化，剧本单调，结局主角光环太重，太可惜。三星半。2018/3/20大分家
709,2016-11-24 13:25:11,5152358,0,好混乱的关系。
710,2010-02-12 11:03:31,1294251,0,后面就落俗套了
711,2019-02-24 23:51:19,1869834,2,打斗还行
712,2019-04-10 23:00:18,1439729,2,1 镜头运用很出彩；2 弱水三千，只取一瓢饮，适合自己的才是最好的。喜欢西班牙片子的味道，所以，推荐。
713,2018-12-22 18:05:27,1301982,0,看不下去
714,2019-04-27 13:09:49,26853690,0,实话是没有看懂结局，所以是死了还是没有死？情节简单的还算精彩，演员演的还不错，但故事很符合猜想没什么悬念。很惊悚，但结尾那么处理，内涵也不算太深刻吧⋯
715,2009-02-25 21:16:42,2310056,0,"西岛阿.你好歹是主角,怎么连个名字都没有"
716,2016-05-05 08:59:48,1895849,1,还是抢话了-05/01/16 at BAM
717,2018-05-26 16:17:08,1401754,1,DVD
718,2015-02-13 13:25:06,25746259,1,這個系列雖然只看了2和這個sp，總覺得蠻對我的胃口的，雖然動機啊經過啊啥的，多少有點弱=  =
719,2019-08-17 16:05:15,1293755,0,不看了不看了，我童年阴影之一原来出自这部电影：女儿四肢着地背朝地面爬行。昨晚看到的时候差点吓得我把pad丢出去（落泪（原来豆瓣剧照上就有图，早知道我就好好检查一下了
720,2019-08-13 11:52:57,26794701,0,几个主角都太蠢了，剧情的软肋有点多。可能是想更聚焦于显示集体的人性的问题。感觉片子想讨论很多东西，但是都没有表达深入。
721,2016-08-26 11:52:06,26647080,0,保持了国产恐怖片一贯的水准
722,2019-01-27 20:36:08,1301997,1,反赌教育片
723,2019-08-28 18:44:07,2996640,1,其实看别人说有关于女性主义的东西说实话没看出来，美食也没看出来有多少？可能讲述的就是从烹饪中得到勇气继续热爱生活吧。
724,2017-05-13 22:14:01,5327224,1,下一部电影想写什么？女编剧随口提的案竟然包括女子摔跤，多么聪明伶俐！本片上映的时间可比摔爸早两个月呢。可这就更教人怀疑本片和它的片中片难不成都是应景逢时的产物，伸张女权之外还想安辑人心？或许敦克尔克就是答案：大脱欧攀比大撤退早非一朝一夕了。可笑老比尔这反脱欧的片中差点儿成了反派。
725,2011-04-16 09:09:08,1295825,0,普通电影。没什么意思，就是女主角唱歌那块不错
726,2019-08-14 14:44:27,34460625,0,情节还可以加强，更完整
727,2017-11-11 13:42:21,4289922,1,想看黄色
728,2015-03-31 13:04:47,2149465,1,这是个爱情故事，也是个关于知遇的故事。灵魂的欲望注定要比身体的欲望热烈得多。爱情太需要懂得，欣赏和一点点小崇拜。就像电影里的那个夏威夷美眉，爱一个人，爱他的音乐梦想，爱他古怪的歌里传递的信息，一个缺乏运动细胞的宅男丰富的内在，德拉库拉阴暗丑陋背后的纯情。
729,2017-02-20 13:24:43,4078592,2,想去上海啦
730,2015-11-29 23:36:32,26586671,0,普通……
731,2009-05-08 16:11:46,1968790,0,剧场版太让人失望 亮点都被删没了
732,2015-05-25 17:27:10,26400895,2,金毛伊塔洛萌死了。
733,2013-07-30 12:54:45,2340745,0,“40年后”减一星！
734,2019-05-05 16:39:18,26581912,1,刮毛不好吗
735,2017-06-05 12:57:40,2139006,0,【HammerPictire/6.0】我算是知道为什么汉默不行了…又长又无趣……
736,2016-12-16 03:04:30,1307631,1,前半部分有些散乱后半部分比较集中，杰森斯坦森那时还有不少头发，做守门员时的暴力狂想很不错，最出位的大概是影片配乐吧，时不时的搏一下存在感。如果是拍球赛这种群体进行时，如何表现剧情起伏和个人个性，后半部分可以参考和借鉴。
737,2008-08-21 18:43:00,1949377,0,其实是很好的题材，可能是个人经历不同吧，能感觉它很好但就是喜欢不起来
738,2012-09-12 23:35:11,3885140,2,游戏好棒！
739,2016-11-19 22:30:00,5975350,1,其实看的是【http://v.ku6.com/show/brMg1FAV2_3nULPy.html】《遥远的世界》。而并非简介里所说的【30秒全3D短片，使用Lightwave3D与PhotoShop制作】《被包围的世界》。—— 尽管新海诚今年横空出世了一部《你的名字。》，但论监督所有作品的整体喜欢度还是不及【细田守】【今敏】【高畑勋】三人。……
740,2014-06-27 19:01:58,3073638,0,噗噗 皇后逗逼男友与新上任老公蜜月故事- =软弱无能的国王太戳了女猪从弹簧变成了中分的挂面噗
741,2015-08-31 12:14:47,1302469,0,影片中没有绝对的善与恶，并不觉得这是一部喜剧，反而给我压抑的感觉……
742,2009-12-31 12:46:11,1867408,1,酒之所以好喝，就是因为它难喝。
743,2018-04-05 12:49:08,3011102,2,故事老套，情节还算合理，意外被剧中的亲情小小感动一下。
744,2018-03-28 10:20:26,1470246,2,经典
745,2013-12-03 20:17:20,3005603,1,罗马尼亚布加勒斯特迷幻之旅
746,2019-06-12 23:36:34,5407055,1,中规中矩的故事吧
747,2015-11-13 15:49:39,1299462,0,听了这么久的BBC再看这一版简直就是天雷滚滚…
748,2017-05-21 14:13:24,3242341,1,颠沛流离的幸运之人与不幸之人。
749,2016-07-16 15:33:48,26602241,0,十脸懵逼什么鬼？！
750,2019-08-12 23:48:22,1293396,1,7.3分
751,2019-08-20 09:00:19,1302063,2,秀兰邓波儿经典场面踢踏舞，可可爱爱。
752,2018-05-12 22:00:51,1292938,1,这集应该到是目前为止炮火最密集的吧。
753,2014-04-11 23:16:13,10741647,1,印度版罗密欧与朱丽叶
754,2018-02-23 16:19:18,1292931,1,看了怕是有十几年了
755,2016-03-15 16:49:04,3023505,1,忘了。
756,2013-11-24 06:33:57,10769694,2,加濑亮亮了。御用配角出现不少。WARNING DO NOT PROLIFERATION
757,2012-04-01 22:04:00,1771629,2,馆长威武！！！！！！！
758,2018-02-14 11:59:58,26703793,0,不是很喜欢女主的声音
759,2016-08-23 23:17:36,26752006,1,松鼠松鼠松鼠
760,2011-02-03 16:27:53,1306253,0,我喜欢的角色都没了!!!!wtf?!
761,2010-07-13 01:23:32,1297108,0,It's suppose to be a romantic comedy ? Seriously ?!
762,2012-10-10 19:40:01,1295437,1,“春天不是读书天，夏日炎炎正好眠。秋有蚊虫冬有雪，收拾书包待来年。”
763,2011-12-02 22:57:16,6971315,0,不出彩
764,2012-07-21 16:45:07,1428178,1,兔子好可怜！
765,2012-11-13 12:31:03,5395262,2,棒子的电影拍成这样应该算是挺不错的了，大片元素该有的也差不多都有了
766,2010-03-22 18:14:21,1309012,0,折腾半天也没在一块。。真是。。。。OST不错
767,2016-07-14 16:40:32,3217149,2,小逗比好可爱啊
768,2019-08-22 23:02:30,25824858,0,"六十年代的布景，怀旧复古的光影，气氛把握得很好，可惜有些用力过猛。有好几个镜头都让人想起同是小成本文艺片子的水牛城66。
月光与白日梦 按钮与弓
带着海水咸味的吻 脚趾间温暖的沙砾
妈妈穿着夏天的裙子 还有她的发香
七月的喧嚣 无忧无虑的生活"
769,2015-12-05 18:05:45,25761258,0,这是个啥？！好吧，我也是没看1st部。但洛可可时代的服装造型还是不错的。就看看热闹吧，听了快2小时的德语。。。以上~
770,2010-05-25 01:24:56,2219816,2,Jeff Beck 无比的享受与震撼。。。。。。
771,2016-06-01 04:32:27,26309205,0,虽然有萌萌哒的慧英欧尼， 但是电影不好看。。。朱元还是去拍电视剧吧。。。李宥英去年电影一部接一部啊，很有意思的姐姐！
772,2013-01-12 16:03:15,1292612,0,130112 到底是谁不信任谁？ you don't deserve her.
773,2018-07-08 17:16:44,1998672,1,度蜜月差点儿离婚
774,2017-12-10 21:37:25,21339370,1,部分桥段还是挺有趣的 谈不上喜欢
775,2019-05-02 17:08:11,10508879,2,为国产电影加一星 主要是黄觉 哈哈哈
776,2016-06-30 14:55:17,5188729,0,我还没女朋友，你们最好别惹我！！！！！
777,2014-04-06 14:04:15,10563779,0,导演似乎太入戏，从头紧张到尾，自顾自的却忘记将观众带入其中，而只是用节奏和枪战打斗压迫着观影者的神经。间谍特工再叼炸天也只是当权者的棋子，可悲可哀。说好的拐卖犯是在山东威海的为嘛跑到稻田了。中国话说成那样还想装中国人，不要闹了好么，都晓得你是棒子。
778,2014-07-09 01:58:01,5154496,0,看的生肉。虽身为动画，这片子怎么能漏洞那么多，编剧不过大脑也就只能逗逗孩子。酋长葬礼一段好。
779,2016-01-10 10:16:02,26672548,2,女作家的角度从来都是独树一帜的，最有感觉的还是第三个，第二个下手最狠，虽然弹幕都在说很雷，可是还是挺细思极恐的，
780,2009-12-05 03:02:42,1981480,0,烦人
781,2016-06-19 21:04:46,10604554,0,被短评给骗了，除了反转别的没有什么。。
782,2013-05-09 11:05:54,2059361,1,我想知道最后是开枪了还是怎么了。
783,2019-02-13 03:53:47,3600972,2,以前看过了……又看了一遍。女主好清纯。
784,2018-12-26 17:10:24,26994755,0,全程都在问：高坂丽奈呢……
785,2013-01-29 23:47:17,3233609,0,虽然有爱，但确实一般。
786,2011-11-17 20:18:29,4043647,2,好多牛逼配角啊......
787,2010-10-04 21:30:48,4185768,0,有些失望，跟松本别的作品比，有些逊色啊~~~~~·
788,2012-07-27 00:28:14,5374152,0,好乏味。想看另外一个版本
789,2018-05-24 23:40:19,6714088,2,林志颖演的挺好的哒
790,2015-07-27 05:52:13,1302653,0,希胖不拍悬疑片就还真不好看，几个长镜头也没有特别出彩，有很明显的剪接痕迹。褒曼表演很正点，独白一段情绪起伏拿捏的恰到好处。
791,2018-03-22 20:13:10,10763911,1,还好吧，但故事并没有什么波澜起伏，缓缓的叙事中，把故事讲顺了，这就很不错了，没有很高的期待，因此也不存在大的失落，影片风格很平淡，但人与人之间的感情铺垫还算真实，但缺乏了点厚度跟力量，只能算一部及格的电影。
792,2018-05-22 09:59:23,1815499,0,主要不是表现钓鱼，文不对题。
793,2015-03-14 21:05:11,2377835,2,第一部揭露日本军非人性罪恶的反战作品。并得到当时日本观众的好评。李香兰是个传奇。。。
794,2010-10-13 21:21:07,1461846,1,冲不出的牢笼，坏不掉的结构。
795,2011-09-28 15:04:47,4194137,0,还是那句话，那年代的OVA，设定意识与美术水准都很棒，就是故事惨淡
796,2011-04-23 21:45:24,2043458,0,很一般。
797,2011-04-10 01:40:32,4304356,2,3.0 在景色超美的地方野外求生，順利逃跑，奪車奪鞋奪帽子，順利換衣換鞋換帽子，流血受傷還能走那么多路。開頭感覺像在玩CS，後面像通關遊戲。喜歡裡面所有景色的鏡頭，三星也是送給攝影的。
798,2015-07-26 23:33:38,25824753,0,笑果一般
799,2014-05-26 15:51:11,24736566,0,按照我爸的理論：如今是條狗都能盤腿坐椅子上喊咔當導演了！
800,2012-11-23 00:27:50,1783462,0,3.5星吧，结局有点儿狗血拉分儿了，不过其实男主怎么活怎么死不是惟一的重点，作家也在透过笔下人物改变着自己的人生。
801,2010-04-11 00:23:34,1295800,2,Stanley Tucci很帅气，意大利美食很迷人。
802,2018-05-31 11:09:01,20266597,2,一部能轻松观看的片子，不用想太多
803,2013-02-05 15:12:45,4751865,1,看样板戏就会感觉到中了一种甜蜜浪漫的毒
804,2018-07-23 08:46:02,27052274,0,节奏散 空白多
805,2012-01-21 22:11:09,3010394,0,整体平庸 无甚新意 KevinSmith电影的亮点永远在台词
806,2013-03-17 20:59:00,1295560,0,肖恩康纳利最后一部007，已略显老态。主题曲唱“Diamonds are forever. Diamonds never lie to me.” 女人自古爱钻石，原来是因为男人给的爱太易消逝。
807,2019-06-17 23:07:57,27087130,2,剧情中规中矩但是音乐实在太美了
808,2011-04-28 10:10:30,1295917,0,弄了半天就是回到过去旅游了一圈...不过航空勤务的一些细节还是很刺激的。
809,2019-08-24 18:21:47,26811449,0,一般般，看着乐呵
810,2014-09-01 15:29:47,25906938,2,各种瞎搞 很好玩
811,2019-08-03 15:27:57,25881888,1,如果换掉欢快的配乐，恍惚间好像一个DC的故事
812,2019-07-07 21:03:26,25881615,0,这个真的有点毁童年的电影
813,2019-09-01 18:31:14,25750179,1,正当防衛です
814,2008-01-29 03:35:13,2276904,0,睡醒了发现原来是爱情片
815,2013-12-01 21:15:23,6433906,0,3.5。老早就想看的一部。确实节奏带得不舒服。
816,2016-01-13 06:57:16,26627746,2,四组人员都出现啦
817,2018-03-01 18:52:06,22266320,1,彼得·博格在打造动作场面和使用音效方面的天赋大约是世界最强那一档的，写实风格也是其杀手锏，优点基本都得以体现，其他方面的话，还需继续打磨。
818,2006-05-28 23:25:14,1295485,1,"又名: Fong Sai Yuk II_x000D_
_x000D_
导演: 元奎 (Corey Yuen)_x000D_
主演: 李连杰_x000D_
_x000D_
上映年度: 1993_x000D_
制片国家/地区: 中国 /　香港_x000D_
imdb链接: tt0106937_x000D_
_x000D_
_x000D_
"
819,2011-04-02 09:55:56,1418191,1,超人，只属于美国人。
820,2017-05-02 11:16:33,26632642,2,清澈流动
821,2016-10-16 12:26:34,25747095,0,对阿曼达越开越无感~
822,2019-01-06 02:42:50,2230888,2,遇见这部电影也算是一种缘分，因为桂纶镁戴耳机的那张海报早在十年前就已经是QQ空间的壁纸了。影片节奏沉闷但丝毫不乏味，很符合深陷情感困境的都市青春男女和遭遇婚姻危机的中年男人，于是三人都选择了出逃，通过“声音”这个介质的牵线搭桥，各自产生交集。桂纶镁的气质十分契合影片的节奏，结尾处男女主角在海边的远景意味深长，没有落入俗套。稻田里录音的一幕和《关于莉莉周的一切》如出一辙，关于录音师推荐另一部韩国电影《春逝》。
823,2013-07-24 13:16:53,4913188,0,这算电影？我无语
824,2016-11-23 20:28:03,20516903,2,画面太美～太可怕了～
825,2015-01-13 14:25:38,3919958,0,直接忽略
826,2019-03-14 03:09:04,1422286,1,童年记忆一部分，但除了那首歌其实没什么记忆。黑白片还是少了点感觉，尤其是边疆的景色，总觉得体现不出来。倒是看南方海岛题材的黑白国产片还有点味道。
827,2019-07-04 21:16:31,26756314,2,😂
828,2012-11-05 09:52:47,10777780,0,实在是没发现什么好看的地方啊，情节还是老套。。。这么高分，有人刷的吧！！
829,2011-02-26 13:25:21,1944596,1,也许，安东尼奥尼只想做个试验
830,2010-07-09 17:27:42,3250372,0,这大恶心的小青春。
831,2019-06-02 22:29:24,26664345,1,前半段挺引人入胜的，后半段太拖沓了，快要睡着。高阶复仇即诛心……
832,2018-10-16 22:32:28,1301370,1,圆盘
833,2018-03-09 23:11:37,1460010,0,3.5 的士和鞋子。字幕坑是一个问题，另外就是挺多地方挺牵强的，第三就是不知道跟石头有啥关系。。
834,2012-10-19 15:50:09,1825683,0,我去，看了个上海台湾腔的翻译。是不是跳出一句“你表酱紫吓我好伐啦？”一点都不恐怖了 ，有木有啊！
835,2015-11-05 14:14:25,1294273,2,氣氛音樂劇不錯
836,2018-05-15 18:41:06,27203642,0,略粗糙，有玩命的味道。
837,2010-10-11 19:14:17,2369549,0,真的没意思。。。
838,2011-05-28 18:03:05,6389507,0,我又忍着看完了=。=
839,2017-11-04 19:23:45,1305059,0,妈妈，有毒
840,2017-12-21 19:30:27,6814756,1,还行
841,2013-11-21 11:27:43,2258103,2,狗狗，不管是什么时候收养它，只要用心，都是很听话的。主人和狗的相处，更能体会到感动。
842,2012-09-11 15:40:50,1302294,0,暗示一大堆，开头结尾可看
843,2019-08-18 07:14:09,30317630,1,长大了的小女孩还得了，有种看到了孤儿怨的感觉
844,2019-04-10 01:15:20,26717467,1,为自己而简单活。
845,2010-04-29 23:50:14,3285295,2,萌的我翻天覆地绝对不是假的。真的萌的我快哭了……
846,2019-02-11 18:06:27,1306111,1,廉价的工业食品vs高价的无污染天然食品
847,2015-06-05 13:44:28,1890095,1,“我寻找着通往梦想之地的钥匙，可或许找到的只有死亡。”（电影画面虽然油画般美腻，但是演员演技实在不给力啊……还有粘个胡子就能让小孩子演中青年了吗？这是在演室外校园舞台剧吗？好好的故事就这么被你们一群孩子草率地给毁了！）
848,2018-11-05 15:55:54,26283140,0,原始的生活，愚昧无知的人，面无表情的姑娘做出的蠢事 
849,2016-09-05 03:30:56,1300582,0,俗套的爱情片，除了开头的一小段外全然不见原作的影子，塞林格会生气也是情理之中。主旋律真好听，看完了这片后才发现原来卡罗尔预告片里的配乐出自这里。
850,2015-01-25 23:38:53,6009994,0,很无聊
851,2017-09-02 01:23:42,1424620,2,"彩色版。
美国式送信有意思"
852,2019-02-27 13:57:23,27156513,0,导演基本可以认定为印度版陈凯歌了，专门弄形式大于内容的东西出来。
853,2010-10-10 22:28:16,5279575,0,"自己杀死了自己
以为月老满足了自己的愿望，其实是女友的
恋上的人其实是死人
想杀对方却被杀
杀人情侣团

看出套路了么？"
854,2013-05-16 00:22:50,1308543,1,我想她只是严重缺乏安全感
855,2019-08-26 16:31:57,3402101,0,剧情有点俗而且衔接有点生硬，特技和拍摄手法不错加一星，女主角不好看。汤哥枪林弹雨接吻戏屌屌哒。
856,2019-08-25 11:54:43,1297710,2,刮起了一場華 Dee 旋風，我要看看
857,2015-03-05 16:20:51,25722262,0,三星半 之前很期待的电影 细节上有些还是很喜欢的 但感觉太表面了
858,2019-02-03 10:56:17,1301122,2,舞厅那场戏足以载入影史
859,2017-05-04 16:37:44,1877942,2,三星全给保罗沃克，真帅，走路一摇一晃很可爱。
860,2019-06-09 00:32:21,4830478,1,"超杀女都想退出超英界了，男主还在坚持着，一心想做大做强，招来了一帮有志之士，能力却不敢恭维，反派也决定网罗一大批亡命不法之徒，这次可不是闹着玩的了，超杀女能否愿意出面继续杀杀杀呢？
残忍…"
861,2013-05-24 22:47:54,6999735,0,妈蛋，这三颗星全部是给我小哥的吐血演艺的！这片子，如果不是小哥，这辈子也不会看...日本人口味太重...
862,2019-06-04 19:57:15,11527998,0,真的好吵，西语语速快了简直就是聒噪
863,2015-08-29 22:54:52,6902777,0,失望了
864,2013-02-15 09:01:45,6722732,0,有点虎头蛇尾
865,2010-07-12 11:46:50,3292134,0,"不惊悚诡异的文艺片儿，或者是走惊悚诡异路线没走好的文艺片儿。总之就不是鬼片！_x000D_
寂静岭电影版2什么时候上映啊 T口T。"
866,2011-07-18 22:06:03,1304798,1,喷火恶龙的父系氏族社会...
867,2018-11-13 20:43:46,1292593,0,跟上一部《致侯吾友》一样，带有政治宣传色彩的作品，象征美国的唐老鸭、象征巴西的鹦鹉、象征墨西哥的公鸡，一起上演一段纪录片形式的狂欢，但就是有点无聊。看着看着突然想起，里面坐火车那一段小时候在电视上看过，有点怀念。
868,2011-02-09 21:27:38,5364978,0,走下坡路了。。。
869,2011-10-24 21:15:24,6082517,0,尼玛下了个没字幕的。。。
870,2006-02-04 15:21:05,1309153,0,除了结尾真没觉得哪里好...
871,2010-12-22 18:21:52,1797632,2,"叶超仪好惊艳啊_x000D_
"
872,2018-08-23 12:41:39,26775743,0,电影院排片里从没见过这部，但是假装我看过了吧，虽然感觉看了也会一言难尽。
873,2017-03-26 20:39:20,1299079,0,情人死的头天晚上，男主就和只见过几次面的女人接吻了，why？
874,2019-05-29 19:50:08,2136838,2,太喜欢实验电子配乐啦！镜头很漂亮，开头慢镜头杀人很有想法。猜错凶手，本以为是男主有双重人格呢、、ps.从设置上看得出单身女性、同性恋、外乡人在过去会遭到多大恶意
875,2019-07-11 21:11:43,1297275,1,Robin Williams参演的影视作品真多，很多都是喜剧类型。https://www.bilibili.com/video/av35881918
876,2015-11-28 01:20:40,4082744,2,制作精良
877,2016-10-14 20:20:54,1419986,0,没啥新意，就是最毒妇人心
878,2018-01-26 20:12:31,26925847,0,故事太单调了，演技也比较差，但配乐挺好听的，画面也还行
879,2012-03-05 22:53:39,3258585,2,虽然各种造型比较假，但还是挺好玩的一部片子~
880,2011-02-17 23:45:35,1303204,1,备忘Mark。
881,2019-05-25 16:24:15,10604087,0,姚晨演戏总觉得过了那么一点，显得格格不入。
882,2015-06-10 12:12:16,1300732,0,三星半，早期法理学基础理论教育片........然而今天还是没有石榴掉下来.....T^T
883,2016-07-13 23:12:54,10733572,2,画得好棒，字写得也好看
884,2013-04-28 20:37:03,6430838,2,2013 37 报告，所有的党员都集合在这了！导演，你太有才了！
885,2019-06-18 12:38:24,1298829,0,我的童年阴影之一，我爸在看，我坐后面沙发上跟着看，吓得魂飞魄散。（小时候我爸为什么那么爱看恐怖电影？）
886,2019-07-20 11:07:00,1298420,0,杠一下，己所不欲勿施于人，是孔子说的。🐶
887,2019-07-05 18:47:02,30304251,1,看不见的沉淀.迷途的女人
888,2018-12-23 14:34:44,1308058,1,表现门第观念的婚恋题材片真不少，一边是男方出身不行，要么被打压要么自卑。打动美丽高知家庭好的女青年的都是男青年高洁的理想和刻苦努力学技术的心（《爱情你姓什么》《大桥下面》）
889,2016-12-06 23:34:56,1437096,2,众女巫一场与怪房客最后如出一辙，和镜子那场一起，调动恐怖情绪的方法都是正统的波兰斯基式；稍微有点不够精练，但像所有突破四五分钟桎梏的大长歌一样，是满溢情感的必要表达；前有麦克白后有杀戮，真是无论场景大小室外室内都牛得不在话下的大师
890,2019-07-30 05:49:55,27621192,2,男主好看极了 然而更可爱的是给山羊穿上雨衣
891,2016-07-25 03:06:44,4901698,2,声优都是怪物hhh
892,2010-05-22 18:15:13,1295157,2,杨采妮好靓，金城武好帅。
893,2018-12-08 23:24:35,1298884,0,亮点是妹子，后段像开挂。另：豆瓣简介最后一句？认真的？？
894,2016-10-10 13:12:28,26577937,0,大背景下空虚到发狂，抓得紧的也就是一把穿缝而走的沙。池松和斋藤的对手戏出彩！卡农是私心。
895,2018-09-07 12:35:52,27607383,0,拍得还真是平铺直叙简单粗暴 害孩子的情节完全看不下去！！！！你自己怎么不去死！！！
896,2018-05-13 18:49:58,4189662,1,结尾有些悲情
897,2011-06-20 13:10:32,4092787,2,很有教育意义，特别是对将要成家的年轻人。
898,2018-01-11 14:53:48,1308721,0,色彩真美啊~道具服装场面美透顶了，油画啊美术十分，可惜内容太空洞了，硬伤，表达无力。
899,2019-04-24 00:34:23,1301694,0,今天语文晚自习看的………感觉最精彩的部分就是最后结尾吧……整体来说不是太好看，觉得有些地方挺无聊的……以及海伦娜真好看鸭！！电影里男主的眼睛也很好看！电影两星吧，然后海伦娜和男主的眼睛一星！
900,2019-03-02 16:52:07,1292860,0,#LFF4# 故事有点诡异，其实隐喻很多，但是并不出色，两位女主奉献了不俗的表演。
901,2017-07-27 00:00:04,11527998,0,翻译乱翻 明明是西班牙大家庭 简介乱写不是抢女朋友三p 也只有了解南欧文化才能看得懂的片子
902,2017-03-24 01:26:47,1299517,0,故事挺流畅，也挺一般...桌球戏跟Paul Newman耍帅的戏份太多，女主的离去比到来还突兀……
903,2019-06-19 15:16:22,33478926,0,知道主角在寻找平静，但是不知道他在干嘛……
904,2018-12-29 17:16:28,1915788,1,3.2
905,2013-08-19 22:04:26,1302372,1,夹层青年的迷茫，惠英红大尺度啊
906,2019-04-07 00:02:09,10604087,2,虽然漏洞多多，但剧情紧凑，结果大快人心。
907,2018-02-25 19:00:38,1299440,2,2018.2.25，华数，坏人不是特别坏，所以是明显喜剧
908,2013-03-25 17:26:09,2347234,1,消遣看的，电影频道还在播
909,2019-04-07 14:53:22,1303565,2,老片子，有韵味，只是字幕不够味。
910,2015-07-05 16:59:15,3212120,1,青春年少，不足惜
911,2019-03-31 09:24:46,2997471,1,3.29保山招待所
912,2009-02-15 22:31:36,1793912,1,好莱坞的电影其实是很主旋律的，只是有别于中国电影以党性为主旋律，人家的主旋律是人性的。这是一种无奈……
913,2014-04-27 09:54:58,1437430,1,糊弄着看完的。就是没好好看的意思。
914,2019-02-02 13:04:08,25774760,0,所以，虫师就是研究一下“虫”就没了？
915,2012-12-02 15:17:16,10551883,2,八十年代末九十年代初西班牙世博前的腐败警察第七组，叙述得比较中立朴实，结局还算耐人寻味
916,2015-11-23 04:08:55,1906147,2,哈哈哈哈大家都是小学时候组织去看的...印象里还挺好看的
917,2019-08-04 00:48:28,1306541,1,QQ漂流瓶发迹地
918,2017-10-22 23:01:10,26886941,2,哇！！！
919,2009-09-07 21:43:03,2994040,0,如是单纯的恐怖片，那么除了音乐就没什么好的，但是回溯原著，珠美和其母亲的形象就有了耐人寻味的解读，广岛原子弹和身旁不离不弃的亲人们……，雄大为啥子不改编成搞笑片？那不是他的强项吗？
920,2019-07-23 17:09:21,2997155,1,剧情还可以，五毛钱的特效
921,2011-04-18 01:58:42,4036367,0,因果反奸
922,2019-08-30 23:46:02,27193311,0,关于美食 但是却没多少美食...
923,2019-07-15 06:42:34,4885995,1,话剧感反而成了优点呢
924,2013-10-03 11:34:01,5159993,1,无限黑循环，看不到希望！
925,2014-11-02 20:28:37,5265468,2,"片名在片中还有台词作解释，挺有趣的：Drafters: People who always seem distant, inattentive……家中有一个美艳但号称in a phase 不愿出门的Spanish hottie，真是戳中宅男的软肋啊……不过更大的一个感觉是影片基本是个罗马城景点show。"
926,2011-02-27 04:19:21,3014622,1,小时候妈妈带我去电影院看的
927,2010-07-03 03:36:21,1309103,0,场面很好，剧情很烂。
928,2013-03-15 21:16:51,5150915,0,原著的故事线索和人物塑造都比电影来的好多了。电影的叙述实在太混乱了，也没有突出重点。柑橘与柠檬啊，这是一首和平的赞歌，但电影里明显忽略它作为线索贯穿小托成长的意义。还有小托和查理的兄弟情表现得也不够好，大个儿乔的单纯善良天真也没有体现。原著的依托支撑才能看完这个片子。浪费了好故事
929,2016-05-28 23:16:27,1448703,2,居然没人说里面的女二号乐韵，她的丹凤眼吊梢眉真的美得凌厉，没有演凤姐太可惜了，红颜薄命啊
930,2014-04-21 17:54:17,24754046,1,"What doesn't kill you makes you richer. _x000D_
_x000D_
--------------------------------------------------------------------------------"
931,2017-09-11 23:58:03,2996114,2,故事挺打动人心的
932,2012-05-12 04:17:53,4734636,0,有點抽象。...
933,2008-10-26 11:59:20,1610260,1,欲望的实现需要他者的凝视。
934,2016-02-09 19:31:54,26285777,0,属于比较传统的恐怖片，色彩漂亮，三个故事互有关联，前因后果也交待的很清楚，第三个故事要恐怖一些。节奏略慢，中间睡着了几次；还有一毛钱的电脑特效，如果预算真的很低还不如用化妆的！
935,2013-04-04 20:56:41,4006298,1,嗯。。。神学片
936,2010-10-11 20:28:47,1775102,2,妈呀，连俄语都会.....
937,2017-10-14 19:31:41,26367890,2,结尾有点意思，爆米花电影
938,2018-02-19 13:42:21,10757685,1,在超市看电视上放的，然后回家就找到了，印象最深的是男主的车坏了，女主给他买了台捷安特结果被偷了
939,2019-05-21 22:34:22,2973528,1,去欧洲飞机上打发时间看的。记得有核弹，女主角不错，但是剧情没有印象。2010.7.15
940,2017-11-23 18:36:41,1300712,2,意外看到丽塔·海华斯，惊喜。
941,2011-07-21 08:10:22,4853410,0,片子基调太暗，看得人很累，并且还两个小时。除了有胸部不错的美女，实在是乏善可陈。
942,2019-07-09 15:31:51,26956641,0,结尾奇怪。_x000D_男一的口音奇怪。_x000D_没有老乔的后续奇怪。
943,2017-03-07 12:40:42,1796031,1,三星半。算是霓虹主旋律电影吗？剧情很老套，台词太煽情——“我想要仰望天空”什么的，每次一听到就笑出来。朋友吐槽：“好像在看飞翔情报室。”不过年轻小明真的太有魅力，浓眉大眼再加一口白牙，又可爱又帅气！拍这电影一直要湿漉漉的一定很难受。光石研在里面也很是年轻。毕竟已经十年了。
944,2010-08-10 19:53:31,1308111,2,依旧是三个女人一台戏，只是增添了女人也可以是男人的戏码，三角关系扯来扯去，有新意
945,2009-04-28 23:35:20,1299885,1,看的时候我非常的神游，所以不知道好看不~~
946,2019-01-20 11:24:55,2382479,2,3.5☆ 还可以，有点想起《回到未来》了…
947,2016-08-03 14:59:02,1301013,0,觉得有些俗不可耐~
948,2019-08-30 10:18:29,5326543,1,南北
949,2014-12-14 14:38:23,10462599,1,吹奏關於初戀的歌吧！他說。
950,2018-12-25 20:34:07,2257125,2,蔡美兰的胸真不错
951,2019-08-15 16:46:35,6225992,2,志玲姐姐好美祝她幸福
952,2019-05-18 13:21:36,5219234,1,群发
953,2018-04-12 00:10:35,1447043,2,剧情紧凑，音乐选的不错，有几个镜头很棒，freddo以一己之力把平均颜值拉到了比隔壁剧版还高的水平
954,2013-03-17 20:07:18,5210915,0,这片真的很烂
955,2016-12-29 17:36:32,3078736,1,剧情一般，王被当作机器人服务员那场真是笑死了～
956,2017-04-19 22:36:53,2153088,2,片子挺搞笑的，現實中的父子劇裡變警察與小偷了，大B對兒子的保駕護航真的不遺餘力，可惜整部片最大的亮點是未來兒媳婦兒大美女Aishwarya來客串跳得那首長達7、8分鐘的Kajra Re，美艷不可方物。
957,2019-06-09 08:08:52,26990529,0,说不出的感觉，希望长篇有更好的呈现吧……
958,2010-10-11 19:36:34,1907464,0,噱头很足，倒不如拍成一个纯粹的战争片
959,2017-06-05 22:57:28,26797430,1,描述澳洲地方特质的地方好，男二演得比较随便
960,2011-07-16 21:58:49,4876722,0,OK，很光猪六壮士。就是配角没一个出彩的。
961,2016-07-07 04:34:17,10800169,1,3.5
962,2015-10-03 08:15:52,25860880,1,技巧非常出色，逻辑非常无聊
963,2018-10-17 20:58:04,26890440,2,谢谢导演的票。“这年头，男人无论有钱没钱都找小姐，女人无论缺不缺钱都偷男人”“好男人应该有好女人疼，你是好男人，但疼的人不是我”。两段对照，多个小标题，单向度的爱与被爱，都挺虐。齐溪有韵味啊，神奇的是被囚禁SM了半年，出来居然不生气！吕星辰依旧可爱好看，当年她高中时演的《郎在对门唱山歌》就拿到上影节影后
964,2018-02-25 13:51:13,26715198,1,via Yous
965,2019-07-10 09:54:59,1304814,0,很一般，尽管有众多大牌明星加盟，但平平淡淡。
966,2015-10-15 11:31:55,26606901,1,人狼大战啊，狼跑进人的宿舍，展开大战，挺激情的。。。
967,2019-08-22 10:01:59,24532100,1,就是去看山崎小王子的
968,2011-02-08 10:48:27,2997063,0,太开放了……
969,2012-09-27 21:02:44,4099504,0,其实到结束了我也没看出来这个故事讲了些什么= =。。。就是吃饭，睡觉，吵架，画画，海景。。。。当然本着脑残粉的原则。。。Tom的声音太好听了，举着小玩偶躲在门后面跟麻麻道歉真是太萌了~Tom真是文艺和萌蠢的奇妙综合体。。。
970,2010-01-15 23:50:57,2052973,0,还是相当无聊的，但像鼻涕却会蠕动的黏菌那一段虽然恶心，却令我想起了魔幻现实主义的味道。。
971,2011-06-02 08:30:37,1295061,0,完全就是看看那些美女当年有多年轻多嫩...这哪是楚留香啊....
972,2019-03-25 09:40:07,1305225,2,1.各方侠盗显神通
973,2019-01-31 11:39:37,1294848,1,看不懂，希望过些年能看懂。。。
974,2019-06-19 23:14:12,1307678,2,音乐还可以，
975,2012-11-29 22:21:08,19963932,2,拍的还好啊！
976,2015-09-04 21:46:11,3001173,1,无论怎么讲这都不能算是一部喜剧片。其实看到的更多的是忧愁，是无奈，是妥协。两个人在人生地不熟的地方，面对所有的事情都发生了巨大改变。别人都在说归属感。而我却看到的是，两个人从零开始，一步一步的艰辛。有些镜头非常的感动。希望一切都好，这种日子太难了。
977,2019-04-06 18:04:53,23774869,0,这给冰雪奇缘就是一个十分钟短片的剧本容量啊！真不知道有什么拍成长片的必要？照明真是，让人无fuck说了，本身人家的定位就是卡通片厂，就是做给学龄前儿童看的，只能说愿意永远活在温床里不打磨文本，就别怪人家诟病你低幼。不过从历史的经验看，不愿意在剧本上下功夫的片厂似乎都走不远，毕竟审美疲劳最先开始疲劳的总是外表。
978,2016-01-02 08:01:35,1308420,1,轴的故事。
979,2011-05-29 14:54:08,1463875,0,什么意思……没看懂……
980,2019-03-29 08:14:47,1786436,2,这一集的主角是情窦初开的满男，寅次郎都快成了满男的偶像了，都没什么出息！事实上满男的德行确实也不好，片尾满男带了两个好朋友回家玩，结果看到喜欢的女孩也在家，就把好朋友都赶出去了，难道说应验了外甥像舅舅这句老话？后藤久美子饰演的女学生真是清纯可人啊，第一次看她演戏还是后来的成龙作品《城市猎人》。印象最深的还是那个骑摩托的警察，在旅馆里画女妆，还想和满男发生关系，自然把满男吓跑了！总的来说，这一集拍得不错，其实寅次郎系列电影的主题说的就是对待人生要乐观和宽容。
981,2019-02-17 19:52:23,21769296,0,今天，先看了十分钟。后电脑上，快进两倍速度看到五十分钟。
982,2018-07-18 10:39:20,1593738,2,早些年看的，印象还很深刻，尤其是假戏真做
983,2019-06-20 21:37:07,1607471,2,我超级喜欢尼古拉斯凯奇的，他眼睛很漂亮哎。
984,2017-06-07 22:51:45,26994996,0,2017.05.27@ Festival Theatre Edinburgh  比起90电影版，戏剧的表现时间和空间更大，部分台词和电影版完全一样，应该是戏剧原著的文字吧，丹尼尔感觉有些一般，等看完国内引进的字幕版再说
985,2013-03-25 00:25:10,6021917,2,相比第一部，这部节奏更加紧凑，从头刺激到尾的虐杀戏，各种恶趣味的杀人刑具，以后算上【电锯惊魂】和【人皮客栈】，这系列可以总结一个“百万种死法在密室”了。剧情逐渐趋向于零，节奏越像是要爆掉观众的肾上腺，在这条虐杀高速路上唯一能够升级的就是更血腥更离奇的死法和更多的血浆。★★☆
986,2019-05-11 16:31:24,27056187,0,女主就像未成年一样....为什么自己没什么演技却总是霸着资源呢
987,2019-04-16 16:15:45,10733572,2,呃，不懂戏曲，有点意思
988,2010-09-17 11:41:39,1316525,1,冷剑心在台上泪流满面，说今生无悔。
989,2014-01-18 10:41:09,23137302,0,。。观众都看跑了。。
990,2012-08-28 17:44:32,2137289,0,极坑爹的电影，相当于加长版的 t.A.T.u. 的《You and I》的MTV。
991,2018-10-28 21:47:52,1401966,0,这尼哥真NM傻逼……这个结局应该给眼镜变态的。
992,2012-12-15 20:41:03,2025378,0,法国人的世界是奇怪的！这种必须看两遍才能理清思路的片也是奇怪的....
993,2018-06-19 22:45:16,26698676,1,所谓宗教无非也是掌握在少数人手中的权利工具而已
994,2014-05-24 03:31:40,20431537,0,脑抽作品、、
995,2016-02-24 18:10:12,1308782,2,給女神
996,2011-03-27 22:33:16,1844413,0,毫无悬念一片儿，美好得太过了。。。。
997,2018-05-26 16:08:56,1300276,1,法律与正义
998,2011-10-23 22:24:55,4168733,0,简单而又真挚的父子之情融入于移民问题当中，并没有我想象中的情节那么跌宕起伏，父亲虽然被捕，但没有生命危险，孩子也没有加入帮派，这浅浅的深情更让我们感受到的是现实的无奈，国外的移民问题便如同我们国家的农民工问题一样，任重而道远！
999,2013-10-25 14:22:33,1303168,2,修女拯救你的灵魂
1000,2008-04-24 16:43:16,2059225,0,剧本没悬念不代表不能拿剧本奖……不过谁能告诉我这个剧本到底银在哪？
1001,2007-01-02 09:52:16,1414808,2,作者化太强 导演喜欢用一种第三者的带入视觉来隔开叙述。无论是前半段的伪造的垂直生活，后半段神秘而表象的深入 不明意义的符号多的惊人 这个风格凸现出导演力量在世界上也是独树一帜的（他好象不考虑电影是个大众化的视觉媒体）
1002,2019-07-04 15:37:47,20515977,2,吴彦祖真帅！！！
1003,2019-08-10 23:44:29,4189695,2,"合格香港电影,比这几年的垃圾好太多了"
1004,2018-05-25 13:04:18,1303112,1,如果改下片名和前三十分钟的戏，这个片子可以更好！那个年代人们还真是喜欢梅格瑞恩类型的美国甜心啊，大众的审美真是不可捉摸！
1005,2019-04-08 12:52:06,1309137,0,毫无诚意
1006,2019-07-05 21:45:20,30252404,0,"影片每一点单独拿出来都算凑合，尤其是镜头很美，但是放到一起的效果就很差。男主和小和尚演技真的不好，没有代入感；剪接不流畅，特写太多太尬，为了无意义的氛围渲染牺牲了节奏，导演贪多求全导致镜头臃肿，灯光很假，总体没有拜托网剧风格。
总体而言气氛很对，部分故弄玄虚的台词其实也可以，三星鼓励。"
1007,2019-08-08 14:47:45,1830457,2,哈哈哈哈，神经病啊。
1008,2012-07-12 16:45:23,1309013,0,配音真让人蛋痛
1009,2015-08-30 21:29:35,26288054,0,★★★蓝调天后传奇一生起起伏伏经历的浮光掠影，总的来说演员选的不错，剧本也是经典的人物传记路数，一般吧。
1010,2019-06-13 01:23:59,2059025,2,多年前家庭影院的记忆 看完后如鲠在喉
1011,2019-04-21 00:35:56,30170829,2,怪不得总有人提到百元之恋，原来是同一个导演。前半段很喜欢啊！音乐和片子风格契合，配一脸。结尾笑容满分。三星半。
1012,2019-07-27 16:48:33,3727748,2,有正片就够了
1013,2012-11-29 20:55:08,3158667,2,还行吧，那个电影院倒挺有意思，这算是当时的4D？嘿嘿~
1014,2019-05-29 21:11:05,1498658,1,Hmmph! Cat's Claw!
1015,2010-10-25 19:34:27,1850660,0,让人失望。
1016,2016-04-04 06:27:24,6558257,0,稍显拖沓了。
1017,2010-12-25 19:09:59,1419582,2,好温柔的电影，好温柔的黑木瞳，好温柔的异国他乡。
1018,2017-05-16 19:14:04,27016609,1,与av相伴的日子
1019,2017-10-08 19:03:13,3244128,0,花非花
1020,2019-09-05 22:58:49,27050133,1,别的不多说，我就想问农场那台碎草机为啥不一直开着。。。
1021,2014-12-14 22:39:24,3013610,0,看的不是完整版 但即使完整 也不会好 对比言语秘密 失望了
1022,2017-01-03 12:40:49,25868337,1,救赎与爱
1023,2018-11-06 16:10:44,26844480,0,些许创意➕赤裸裸的政治正确➖
1024,2019-05-05 23:54:02,5967829,2,第一部最佳。不懂为什么一定要把人赶出去才能走小说家之路。而且结婚自家家属居然不出席吗？
1025,2019-09-04 12:03:59,26835471,2,皮卡丘真可爱！大叔音也可爱！妙蛙种子也可爱！小精灵都可爱！
1026,2019-08-24 23:39:08,1293530,1,场面恢宏，剧情俗套。
1027,2010-04-12 16:10:52,3534824,0,比较的闷。裴斗娜脸太瘦了点，不过皮肤真好。
1028,2014-06-28 13:32:23,1305405,0,囚犯出狱生计无门，被逼重操旧业，故事略显老套，社会体制和鲍嘉皆万恶之源的片子之一。。。
1029,2019-09-03 22:18:37,1961963,1,补打卡
1030,2019-08-29 02:50:58,2027945,2,不得不说，短片见功力。印象最深的是北野武、张艺谋、陈凯歌、lars van trier，还有几个搞不清国家的。。。本来并不是很喜欢张艺谋，但是他那一段让我看到他对中国乡村生活的提炼能力。北野武那段也是很有日本特色了，平淡叙事，平凡人物，偶尔闪现一下人性光辉。。陈凯歌的煽情，短片似乎更有味道，长片如《无极》、《妖猫传》，过犹不及。顺便搜了一下那位暴力血腥的lars，原来女性瘾者就是他黄了以后拍的额。。。。最后还是给三星，因为有的像中学生的命题作文。请不要对号入座，尤其是你们王家卫、侯孝贤。
1031,2019-03-03 12:50:34,1304490,0,叙事一般，有点流水账的感觉
1032,2018-01-28 22:33:18,1304983,2,挺另类的视角
1033,2014-04-26 20:52:31,6873779,0,看完之后回来看导演名字，可真糟心啊，导演真心不是个普通人。
1034,2012-04-22 22:32:30,1419992,0,故事挺压抑的，一个颠倒的世界。不推荐看
1035,2010-04-18 16:41:58,2981801,0,我满心期待忠犬状路人甲最后绝地反击直捣匪巢英勇救出男主角，没想到你却炮灰得比谁都快=皿=另外同学原来你不光是个秃子还是凸额……
1036,2013-04-02 20:18:00,1962963,2,"摩西及一眾法老王女兒的故事,淡淡而透著溫暖的感覺,剪接也做得很不錯"
1037,2009-08-23 22:39:08,2170915,2,有点烂俗。但对的指责很大胆。美国就是要拍这样的片子。
1038,2018-03-21 05:29:39,10810739,1,熟悉的时空乱炖
1039,2016-02-05 19:14:43,26651281,2,我觉得这部比上一部好看。作家和管家太可爱
1040,2017-04-03 01:11:30,1294335,1,三星半，蛮有趣的，不过梗也是挺老的
1041,2019-06-02 23:50:21,33393269,2,感人，引人深思，恰恰反映着当代父母的责任，关怀与爱。
1042,2018-09-10 12:06:14,26970809,0,这结局……
1043,2019-02-27 14:51:34,1307582,0,哈哈哈罗宋汤那段挺逗……但总体剧情还是有点零散，不是很能看进去。各种神奇的机器人和高科技装备，在那个年代看大概会觉得很酷炫吧。
1044,2019-09-02 22:09:28,1300055,0,没怎么看懂
1045,2019-08-22 23:55:57,26664345,1,慢性复仇
1046,2015-02-15 13:27:02,1294153,1,东木老爷呆萌硬汉单挑冷战俄毛黑科技，Stealth果然是完全向后四十分钟致敬啊
1047,2019-05-22 01:42:11,1308772,1,记录打分
1048,2017-10-05 16:52:47,5905818,1,OP居然去码了，果然比TV版尺度大了不老少啊……
1049,2017-05-16 03:11:49,3987403,1,RF 1.61 GB MKV 英语字幕
1050,2018-03-15 16:45:56,27089318,2,国产片拍成这样不错了，至少笑点比一些所谓的大片要多，支持一下吧，其他几部还没看
1051,2019-08-24 19:58:06,26329796,0,还是日版好看些。。日版看完我开始反思我的人生，韩版看完我脑子啥也没有。。。
1052,2013-05-28 23:56:13,1294730,1,电影中亚力克和丹尼尔都有各自心灵史的展现，一个关于历史一个关于宗教，两个人的潜意识中也都有死亡投下的阴影。唯独鲍勃，这个三角恋的中间人，那么来去自由了无牵挂，完全70年代自由精神的体现。
1053,2019-04-07 20:35:07,3267195,1,补标。忘了這部片是我的恐怖片啟蒙 第一部完整看完的⋯⋯
1054,2019-02-11 13:15:41,30380470,2,导演找到了很好的切口，在极少的成本下完成了高质量的作品！
1055,2011-03-17 21:19:34,1972775,0,都讲到了 都差一点
1056,2018-01-06 23:42:46,25895171,2,虽然很无理头，但是一点也不尴尬啊啊
1057,2018-12-13 22:44:06,1867424,1,高中的感情呵呵很大
1058,2018-09-20 23:08:15,24522651,0,乱炖
1059,2017-11-18 11:50:37,25724842,2,治愈系又温暖的狗。 战争过后的伤痛不仅仅是肉体上的，更是心灵上的。
1060,2011-05-06 21:57:59,1306589,1,"http://www.56.com/w78/play_album-aid-8988088_vid-MzgyNzYxMjI.html
---
http://www.56.com/w78/play_album-aid-8988088_vid-MzgyNzY1Mjc.html"
1061,2018-11-28 14:00:19,27038235,0,能偶尔看到一部以女性角色为复仇者设定的电影还是蛮过瘾的，只是片子拍得一点也太爽。这类题材免不了俗套。加纳演这种角色蛮合适。明明可以早早干翻boss大结局，败于话多啊，搞得感觉后面硬生生多塞了20分钟一样。
1062,2018-04-06 20:30:55,1401501,1,情欲 毁灭 极端 文字感强烈
1063,2011-11-08 11:43:13,4111324,0,恶心死我了！
1064,2007-03-05 14:29:20,1308504,1,青春与爱情
1065,2017-02-04 19:29:08,2980436,2,这部跟漫画有些不一样了，神乃直接去朋友乐园了一刚，小泉好萌。没想到蝶野居然是藤木直人！小池荣子出场的时候笑死我了，全日本也只有你最适合演高须了！不过是不是太活泼了一点……春波夫也是像得不要不要的。总之这片卡司是闪闪发光！
1066,2018-09-02 08:31:50,26892545,2,血浓于水，亲情割不断，养育之情也是非常珍贵
1067,2018-11-11 00:26:57,26682914,0,毒枭家族史诗，比较平庸。
1068,2019-07-30 17:27:41,1478128,2,开头Nick牵着儿子，儿子又牵着Asta太逗了~
1069,2015-03-27 23:21:15,5156619,1,笑呵呵
1070,2019-06-26 22:18:18,1796995,1,日本的主流节奏真的这么慢么？跟我们的体制内有一拼呀。
1071,2014-07-01 22:43:59,20423479,0,青春的萌动，全用对身体的渴望来演示，所以未免就显得有限，并且还有些廉价，但是你在不值和冲突中，只能默默的再次接受需要刺激的青春也总是混沌不明
1072,2016-07-16 22:53:05,1294675,1,记得中央台播过
1073,2017-07-18 19:23:18,1963512,0,音乐还行，但情节没有感动，画风也不够漂亮
1074,2017-12-10 10:51:19,26985857,2,中国也是世界第一部反电信zhap 的主旋律商业片，动员两岸三地的实力团队打造，用紧张刺激的情节，劝人莫入歧途，三观很正，反派抢眼。有些设定模仿了《无间道》和《天下无贼》。可以带老人看看~
1075,2012-01-21 14:32:46,1401245,2,平实动人的“在他乡”故事，有几个男女主角约会时的场景不错，最后墓场那个固定的镜头令人难忘。
1076,2013-07-30 16:32:42,10544352,1,有末路狂花的感觉
1077,2014-02-26 18:12:25,19967839,1,很清新 但感觉就是加长版的广告 自始至终我都没有一丝一毫是在看电影的感觉……
1078,2010-01-21 22:23:19,1475197,0,跟主线无关，因此看过就会忘，还不如看动画。。。
1079,2018-01-07 15:55:23,26789753,1,美女税 做梦仪器 通勤士兵 猜谜大叔
1080,2012-07-21 17:36:32,4298405,0,相信命中注定这回事。配乐烂。
1081,2018-06-20 00:49:58,27621727,1,邪教教宗找宿主也是要性别歧视的；为啥白人夫妇生出来个印度儿子？
1082,2015-08-12 21:36:31,1308778,2,情歌小王子
1083,2011-06-23 06:29:59,4176132,0,给有神道教基础的日本人看还是比较容易理解，在此不推荐。
1084,2012-08-06 09:28:18,1295570,1,宝岛一号，天安门一号。香港电影最大的本领就是，任何娱乐片也能捎上政治。
1085,2014-01-27 08:12:04,25769361,0,沒新意。
1086,2019-06-11 21:53:40,27197450,0,也就是轻松一笑
1087,2016-12-25 15:18:00,5392049,1,嘘嘘
1088,2019-07-19 13:20:17,1302367,0,制止略粗糙
1089,2014-03-03 02:44:24,1307530,0,女主不美腻。。
1090,2012-05-14 18:08:14,1460946,2,很早看的电影了，都忘了，突然看到，就想起了对女主角的美的惊艳。
1091,2008-02-15 19:45:20,2279587,0,愣没看下去，跳着看的，号称灭掉冯小刚，扯
1092,2012-04-19 20:50:58,6024430,1,文艺Gay片
1093,2010-05-09 02:32:23,1309175,1,"俺就是来陪帅哥心痛的嘛。哈哈，barry white,"
1094,2013-06-26 15:04:32,24312747,2,挺好的！（39岁终于拍到第一部长片，加油）另：http://www.youtube.com/watch?v=RbRtV-Frklg （Beaubourg）
1095,2013-12-01 01:41:44,1787518,1,單眼單臂之劍。
1096,2016-09-19 11:47:59,25759897,1,Alfred Hitchcock Presents S1E10（还以为是人格分裂）
1097,2019-08-24 19:37:31,2364051,0,无聊
1098,2019-04-26 16:42:00,1293443,0,情节上很多地方混乱不明导致大大拉低期待值。实验性的科幻，一场古怪而悲伤的梦，鲍伊的存在本身就是最显眼的“特效”。
1099,2014-04-11 19:32:48,6714930,2,特效和油画效果还是很靠谱的。
1100,2014-11-09 21:36:35,1299846,0,电影频道在放这个片子 最奇葩的普通话配音 怎么黄怎么粗怎么来 广电总急怎么这又不审了
1101,2016-01-28 18:43:30,10566538,2,卡司好强大
1102,2019-07-20 22:47:39,27125208,1,看着男主的爸爸眼熟就是想不起是谁，竟然是Pierre Richard ！妈呀都这么多年了。Que je t'aime 也是有好多回忆的歌呢
1103,2010-09-23 11:40:38,1422208,0,这算森么喜剧。韩国片还是少看吧 真是
1104,2017-01-20 12:46:08,26311976,1,(⊙o⊙)…
1105,2019-05-26 09:02:57,30355020,0,儿童科幻打怪兽电影，特效及格，剧情就不及格了，宁愿那个亚裔女孩讲日语，也比讲蹩脚的普通话好
1106,2014-07-12 13:40:06,10766475,0,擦 内涵...
1107,2013-12-20 17:00:25,1302715,0,吓死哥了，那OX的镜头有阴影了
1108,2019-08-22 10:41:10,1308157,2,当年的关之琳郭富城刘德华，好漂亮
1109,2013-05-08 23:23:36,6957283,1,信仰真是可怕的东西、也许有点异国差异意义
1110,2009-04-25 21:08:16,3292364,0,只有细节很美
1111,2018-07-12 20:07:11,26858970,0,韩国这类题材的电影看多了这部就感觉一般般。讲真，从电影一开始就想赶紧杀掉这个死变态。。。
1112,2018-01-15 21:59:16,1305059,0,剪不断理还乱
1113,2019-01-24 21:11:51,1307843,2,持笔打架与幽会的段落，可以说诙谐幽默，性暗示浓重，约会设计颇为含蓄。http://video.tudou.com/v/XMjgwMTQ4ODMyOA==.html
1114,2016-10-20 23:27:39,24870628,1,这他妈荒唐的人间干掉了你的希望
1115,2017-03-06 08:04:51,2059320,0,愚蠢的游戏
1116,2008-05-21 09:35:51,1410557,1,人靓景美，蜻蜓点水
1117,2019-02-18 02:37:21,1474714,1,松坂庆子早期作品已收录。
1118,2014-08-02 15:32:49,1444530,1,爱超越仇恨
1119,2017-02-25 01:55:39,25996749,1,24 FEB 2017 (3)
1120,2014-04-10 14:37:34,1309182,1,「This is a ceremonial robe given to me by Chairman Mao.」
1121,2019-08-12 02:36:27,1293391,2,那时候的陈凯歌注重人文关怀
1122,2011-12-17 21:19:36,1307892,2,"意象的混合交织反复 洗脑电影无误  被海报和内容介绍忽悠了
有理性的表达 洞察世间种种 但更多的是发泄 颓废 堕落 甚至偏执 疯癫 
不过形式上确实独树一帜 可以说是将叙事这一特征完全颠覆的一部电影"
1123,2019-06-27 20:31:32,3147941,2,整个沙特的设定就是为异国而异国，为冲突而冲突，但还是爽的
1124,2015-11-11 17:53:32,26285777,2,第三段故事还行，香港都敢拍鬼的 ，不知道内地是要干嘛。果然是越来越精彩啊。屋头  投猫 与尸香
1125,2019-04-23 12:15:28,32496729,0,看过不知讲什么的
1126,2016-12-26 23:29:54,2137266,0,剧情太狗血了吧
1127,2016-09-30 22:54:33,1307359,2,狄龙帅哭了...
1128,2018-04-06 22:29:32,26821404,0,使劲儿把家长里短往悬疑惊悚带，实在太刻意了。一个家庭的女主人心理是否健康实在太重要了；男主人的爱不应该是一味地去妥协或者无视，有病得领着去治啊……
1129,2016-12-31 04:57:47,26331185,0,离别是美丽的，男孩是撸的，母亲是作的，基友是燥的，我是困的
1130,2013-08-03 01:35:56,1296757,2,刻意地标新立异。不过安娜肩以上的特写还真是照着半身晕映像在拍，手部胸部发光的发梢融合进光晕中，只剩脸部完美的弧线。
1131,2019-06-09 23:04:38,2056856,0,以为像金福南杀人事件一样揭露人性的片子，没想到玩了一把黑色幽默～够荒唐，够“有趣”，看着有些烦，很想让这场闹剧赶快收场～
1132,2015-01-19 05:10:50,1308747,1,暗松一口气，幸好我没老婆！2015.1.19成都
1133,2012-03-06 15:28:22,1307843,1,2012.3.6，观摩课。
1134,2015-11-06 21:57:02,25903812,2,基情，推理，高智商，除了套着一个朝鲜的外壳，基本上和神探夏洛克一样了。李沇熹脸太美，身材不知是不是略高，显得肩窄。夜光粉在胸部和屁股的手印太搞笑了。
1135,2017-07-05 21:28:46,1306792,2,沉闷慢镜头，却让我感受到丰富的心里。举起水龙头浇灌自己，长段慢悠悠的对话，递给你我喝过的饮料，都是我爱你时小心翼翼的模样
1136,2018-03-26 07:42:50,26580936,1,不差，但是也不是特别出彩。一部比较温馨的小电影，最后还是有点悲。
1137,2009-05-16 21:20:35,1401338,1,老实说不记得了 cctv6老放。。可我怎么把男的记成邵兵了 = =
1138,2012-04-25 01:35:31,6969769,2,喜欢这类的叔罒ω罒 矛盾的分支很多 最后的对话好隐晦@_@你们就不能开诚布公吗明明都渴望回到对方身边！
1139,2009-12-18 12:40:12,1780982,1,仨兄弟的又一次恶搞，口味重的人可以看看，港产片已经不走此路线了，想不到，美国黑人捡起来，恶搞无极限。
1140,2018-12-14 14:09:51,27198855,2,今天公演的印度社会励志片，真实事迹“护垫侠”的故事。最后主人公在联合国授奖大会上的演讲很精彩，估计言辞、细节都是来源于真实的事迹。印度“主旋律”、“正能量”电影，拍得通俗、生动，不说教，不恶心。主演年龄、气质都不太适合角色，但他是明星，要用他吸引观众。
1141,2019-06-05 21:05:32,1482063,0,这部片告诉我们，不要乱和自己的上级搞暧昧关系，剧情俗套，美国总统只能要一些中老年特工拯救了，反派还没开始就结束了。。。
1142,2013-12-23 23:20:44,1306130,1,分段叙事结构，讲了五个关于爱情的小故事，立意题材都还不错，有点我爱你系列的意思，但是节奏是个问题，慢不是问题但是不紧凑就是问题了
1143,2017-04-01 16:19:14,26411392,1,还可以吧
1144,2016-07-25 04:09:00,26751772,0,与盲人在黑夜是常胜将军不同，聋哑的设定的确加强了紧张的感觉，一种说不出话来的代入感相当强，甚至女主角的呼吸都是会要了命的。比较可惜的是全片的反杀之处，用的还是盲人的方法，靠感知。反得太过分，没有想出更加聪明的方法，不智慧。
1145,2017-03-19 22:57:34,3726082,2,"野口勇的母亲，应该是对野口勇一辈子影响最大的人，活得纯粹、自然、明理。影片结尾，呈现野口勇去世前为儿童建造的乐园全景，其母的身影与游戏中的儿童交叠，再反观野口勇艰难的童年，突然悲情四溢。他的伟大在于将苦难与悲痛都转化为大美，并造福后世。
"
1146,2013-04-21 23:30:58,12396442,0,《鱼缸》的成人未遂版，表面的克制没压住叙事的凌乱。Saskia Rosendahl惊鸿一瞥。
1147,2016-12-11 22:56:08,26754643,2,人设与故事框架跟白夜行太像啦，包括影片气质。尽管好多地方欠说服力，能看到这种题材国产片还是蛮开心的
1148,2007-10-13 01:12:37,1309124,1,2004看
1149,2018-08-18 16:26:39,25849619,0,来看老耿那一秒镜头，实在没耐心看完全剧
1150,2017-04-21 13:57:55,1506880,1,Amiina电影配乐现场
1151,2019-03-30 00:44:05,25937856,1,珍惜
1152,2018-04-03 21:01:11,26975625,2,女主的造型还是挺好看的
1153,2016-08-08 13:12:44,26372275,0,这么作的女主。。。幸好结局女主活明白了。伊朗女性地位低到尘埃，男权主义过于强盛，自由之路漫漫无期。
1154,2018-10-02 11:35:47,27172891,0,镜头已经具备了塔尔三成的功力，不过胡波可能没有意识到塔尔标志性的长镜头在《撒旦探戈》、《鲸鱼马戏团》和《都灵之马》这些重展示而轻叙事的影片中才发挥得淋漓尽致，而在塔尔自己的《来自伦敦的男人》这样以希区柯克式悬疑开场的戏剧化影片中也会显得捉襟见肘。本片中冗余的背影跟拍造成拖沓叙事，这也是处女长片导演的一个通病，盲目坚信自己的艺术表达方式。还有胡波对于世界的愤怒和绝望并没有通过画面去加载和传递，而是单单通过人物对白的形式给出，人人口中都念念有词的人生感悟，而影像本身却没有被赋予以产生出情感冲击的驱力，多视角叙事这种强戏剧性的表现手法和塔尔式的长镜头出现了第二次的不融洽。影片的色调比较舒服，尤其结尾处长途汽车上镜头随着车外的橙色光线慢慢推进时产生的光影斑斓超赞，这或许才是塔尔式长镜头正确打开方式。
1155,2015-04-29 12:59:30,1922147,0,一定是导演的原因我看着快睡着了，如果不是因为电影反复提及中国人习惯丢小孩在垃圾桶这点我估计直接睡到五一劳动节。说真的，上了年纪的女人真的太聒噪了希望我永远活不到那个状态，btw有没有关于单身爸爸比单身妈妈更抢手一类的说法？男人抱小孩太可爱了，colin完蛋了一辈子得演梦中情人了。
1156,2013-07-21 11:02:31,1294871,2,小时候只看过一次，只记得关键词是“天罩”，现在终于找到重新看了一遍居然还有肖恩康纳利！
1157,2015-03-12 22:56:03,26320593,2,众Diva表演都换路数了啊 骚姆简直阿呆接班人 Take Me To Church那段棒
1158,2019-06-12 14:35:07,27076888,1,题止提霉
1159,2018-07-01 20:38:02,10543666,2,兄弟外形差别有点大啊，生肉啃完了，无论剧情怎样保贝叔对自己的角色都充满感情这点很让人敬佩了。
1160,2019-05-01 22:46:18,26642163,1,关于老
1161,2016-07-23 00:41:10,10777781,1,主角是超人系列。
1162,2019-04-27 11:09:53,33425862,1,拍电影还行，男主越来越像后宫王了...
1163,2016-12-24 22:04:30,5155577,2,磨难温情
1164,2019-02-22 14:18:25,4826765,2,还行
1165,2019-03-16 17:09:31,3612850,1,2016
1166,2013-08-03 16:57:51,2210143,2,能看
1167,2015-02-07 22:56:38,25795793,0,又是一个双重人格，可能很少看德国人拍的电影，有点生硬的感觉。
1168,2019-08-11 19:14:20,4824515,0,有点敷衍，我对神的定义不是这样的。
1169,2011-08-04 09:47:14,2287249,1,x
1170,2019-08-12 14:38:55,30206287,1,三星都给两位奶奶
1171,2010-02-17 22:53:17,3011052,2,惊悚效果做得还不错~~男女猪也很养眼~~~
1172,2019-08-13 15:30:28,1306006,2,在一众80年代香港喜剧片、功夫片、鬼片中本片显的很异类，很文艺，郑裕玲不演喜剧演文艺片效果还不错。
1173,2018-11-25 13:06:25,1297376,1,"Jon Cryer, music, Harry Dean Stanton, radiance of youth in the eyes, and the charm of young James Spader."
1174,2015-09-19 12:34:49,25890005,2,没有什么不好，只是我们都在变老。有人喜欢1>2>3，我却喜欢倒着来。这才是电影。中国的社会现实很难被预言，所以我喜欢预言，章明预言的2014年，贾樟柯预言的2025年，杨德昌的预言，二十年后还在大陆呈现。
1175,2019-07-18 00:07:12,6793319,2,就还好吧，比别的国产悬疑片好看
1176,2012-10-04 16:54:18,1305595,2,86年的小杰同学好嫩阿
1177,2016-12-29 18:00:53,25900819,0,每次心理转折都是女友助攻，这是《斯诺登传之因为爱情》吧？囧瑟夫用力过猛，反而不如最后几分钟的真人出镜。斯诺登很勇敢，但斯诺登什么也没改变，老大哥无处不在。
1178,2011-09-05 22:45:14,6038071,0,棒子出品的恐怖片都差不多
1179,2018-07-29 19:03:56,26984440,2,有时候感觉日本的某些刑侦剧，有种特别追求土味（地气）的感觉。这部也是典型的中老年人风？从配乐到拍摄手法到画面感觉都不是现在的风格，本来看到一半觉得这个案件的推理也太弱了，没想到最后还有点案中案的意思，而且比起单纯强调推理的部分，还是着重描写了亲情和人性，最特色的人物并不在搜查一课长，应该是在由十个兄弟姐妹组成的搜查情报网。总之还是觉得，这真是一部好有时代感的SP啊。
1180,2019-06-19 21:08:59,1945800,0,亲情才是唯一的宝藏吧。可是洗碗机里反射的金光也太误导人了，没理由送出宝藏又不露面吧，况且金子那么重，就这么随着产品送货上门也太扯了，呵呵
1181,2009-09-10 07:31:41,3006775,0,两遍（包括在影院的第一遍）都愣是看不进去，哈欠连天走神走到九天外。这种男人真的不是我的type。于是反向联想下我没抵抗力的男人类型，自然又怀念起某某同学了，泪奔
1182,2019-03-30 22:55:46,26349411,0,影片讲了四个哈萨克少年堕落的故事。构图是很好，可影片基本没有动感，所有人物也都是没有灵魂的非人化的形象，当然很明显能看出导演是故意这样处理的。影响最深的镜头是第三个少年镇定地拿走银子，又很自然地谋杀掉邀请他做客的三个孤儿的场景。其中智障孤儿的笑声一直在耳边回旋，可能他是唯一一个有“灵魂”的人吧。确实不了解作品创作的背景和想传达的主题，即便理解了，也没有真正触动我的地方。总而言之，全片没有一处不是刻意设计出来的，让人难以自然地观看。以后应该不会看这类片子了😌
1183,2019-09-02 00:40:21,1293455,2,如深夜出港邮轮，除船鸣无他的清寂。几处刻印记忆里场景诗意呈现，引向物是人非。最后挥之不去的答复回响。
1184,2019-07-22 22:24:11,30336318,0,看成云遮雾罩的山峰了，在山上的戏搬到别的场景也没区别，为啥偏要去山上演？除非这山峰有别的隐喻，不然就牵强了。这部电影拆开来有很多我欣赏的点，堆砌在一起就庸俗了，尤其是打乱的时间，完全是为赋新词强说愁，不要叫卖高级，容易招致轻蔑，文艺片讲究气质，有卖艺不卖身的骨气，卖身的才会浓妆艳抹，站在大门口搔首弄姿，勾引着往来行人：“大爷进来玩啊~” 然后提一下我喜欢的部分，工人骑摩托载着静怡从山洞隧道贯出/办公室静水深流的牌匾，钓鱼后放生的台词：“贪吃毙命，长点教训吧。” 隐喻剧情和人物/包厢里小姐唱捉泥鳅，屏幕上的歌词映射在拥着美女而舞的老板脸上，气氛由童真般懵懂无辜过渡到堕落般迷茫罪恶/魔仙棒审判似的语音：“爸爸，爸爸，坏爸爸，好爸爸。”/枯井内撞开的手提箱，泼撒而落的人民币似祭奠死者的纸钱。
1185,2014-02-18 09:29:32,25732005,1,又看了一部“诡异”的作品，我对弟弟是真爱啊。
1186,2018-08-08 10:40:09,30211728,0,旁边台词比较无力，加的感情戏很尬，三观很正。
1187,2009-04-25 17:49:34,3406467,1,休闲电影儿
1188,2019-05-06 22:56:34,1305945,0,吴三岁亲别人的时候不要翻白眼🙄️，隔着玻璃也能恋爱结婚ooxx…我的天，其实想法还行死刑男人靠女人再上诉释放，不过构成和细节不够力度了，制作也不行。还有就是那马赛克的画质真的是瞎了，希望有人来修复。
1189,2012-06-04 19:36:22,1916935,0,1949年的？！但是从来没懂好看在哪里
1190,2014-04-14 22:41:45,20276953,1,没什么出彩的的，也不难看，终究是过眼云烟
1191,2012-07-17 18:58:17,1301471,0,……
1192,2019-05-06 19:47:02,25941015,1,被嫌弃的松子一生 的韩国版
1193,2019-09-06 00:01:12,1303660,0,简直是ds男终极性幻想……还是喜欢空房间
1194,2015-01-28 16:35:50,25773294,2,节奏较慢~故事情节还是不错的 20150126-28
1195,2014-02-22 12:45:58,1302221,2,motion pics theory & style 2/21 鲍嘉当年就与众不同。所谓一根火柴三只烟，一人必亡
1196,2018-05-12 19:04:50,10574468,0,虽然吴秀波和汤唯的演技都不错  但这部电影的三观有点问题 
1197,2018-02-12 13:42:00,10543667,2,如果换个年轻的演员就好了。帮父母录音看哭了
1198,2014-04-30 22:52:29,4833574,1,李舒桐
1199,2018-04-19 08:15:46,22270291,1,日本pandora
